mese,mese_foglio,Conto,Partitari,Descrizione,dare,avere,saldo,livello,conto_l1,conto_l2,conto_l3
1,01_GENNAIO,11,,CREDITI COMMERCIALI,0,0,0.0,1,11,,
1,01_GENNAIO,11.01,,FATTURE/NOTE CREDITO DA EMETTERE,0,0,0.0,2,11,11.01,
1,01_GENNAIO,11.01.01,C,Fatture da emettere a clienti terzi,0,0,0.0,3,11,11.01,11.01.01
1,01_GENNAIO,11.03,,CLIENTI,0,0,0.0,2,11,11.03,
1,01_GENNAIO,11.03.01,C,Clienti terzi Italia,0,0,0.0,3,11,11.03,11.03.01
1,01_GENNAIO,15,,CREDITI VARI,0,0,0.0,1,15,,
1,01_GENNAIO,15.01,,ANTICIPI A FORNITORI,0,0,0.0,2,15,15.01,
1,01_GENNAIO,15.01.07,F,Anticipi a fornitori terzi,0,0,0.0,3,15,15.01,15.01.07
1,01_GENNAIO,15.05,,CREDITI VARI V/TERZI,0,0,0.0,2,15,15.05,
1,01_GENNAIO,15.05.03,,Depositi cauzionali vari,0,0,0.0,3,15,15.05,15.05.03
1,01_GENNAIO,15.05.25,,Crediti v/soci (società in trasparenza),0,0,0.0,3,15,15.05,15.05.25
1,01_GENNAIO,15.07,,CREDITI VERSO IL PERSONALE,0,0,0.0,2,15,15.07,
1,01_GENNAIO,15.07.01,,Anticipi in c/retribuzione,0,0,0.0,3,15,15.07,15.07.01
1,01_GENNAIO,15.09,,CREDITI VERSO ENTI PREVIDENZIALI,0,0,0.0,2,15,15.09,
1,01_GENNAIO,15.09.13,,INPS c/recuperi vari,0,0,0.0,3,15,15.09,15.09.13
1,01_GENNAIO,19,,DISPONIBILITA' LIQUIDE,0,0,0.0,1,19,,
1,01_GENNAIO,19.01,,BANCHE C/C E POSTA C/C,0,0,0.0,2,19,19.01,
1,01_GENNAIO,19.01.01,B,Banca c/c,0,0,0.0,3,19,19.01,19.01.01
1,01_GENNAIO,19.03,,CASSA,0,0,0.0,2,19,19.03,
1,01_GENNAIO,19.03.03,,Cassa contanti,0,0,0.0,3,19,19.03,19.03.03
1,01_GENNAIO,19.90,,TRANSITO POS,0,0,0.0,2,19,19.90,
1,01_GENNAIO,19.90.01,,POS RECEPTION_T,0,0,0.0,3,19,19.90,19.90.01
1,01_GENNAIO,19.90.02,,GESTPAY_T,0,0,0.0,3,19,19.90,19.90.02
1,01_GENNAIO,19.90.03,,PAY BY LINK_T,0,0,0.0,3,19,19.90,19.90.03
1,01_GENNAIO,19.90.06,,POS ROOF_T,0,0,0.0,3,19,19.90,19.90.06
1,01_GENNAIO,19.90.07,,BONIFICO,0,0,0.0,3,19,19.90,19.90.07
1,01_GENNAIO,21,,RATEI E RISCONTI ATTIVI,0,0,0.0,1,21,,
1,01_GENNAIO,21.01,,RATEI E RISCONTI ATTIVI,0,0,0.0,2,21,21.01,
1,01_GENNAIO,21.01.03,,Risconti attivi,0,0,0.0,3,21,21.01,21.01.03
1,01_GENNAIO,23,,CAPITALE E RISERVE,0,0,0.0,1,23,,
1,01_GENNAIO,23.01,,CAPITALE E RISERVE,0,0,0.0,2,23,23.01,
1,01_GENNAIO,23.01.53,,Versam.in conto futuro aumento di capit.,0,0,0.0,3,23,23.01,23.01.53
1,01_GENNAIO,25,,RISULTATI DELL'ESERCIZIO,0,0,0.0,1,25,,
1,01_GENNAIO,25.01,,RISULTATI PORTATI A NUOVO,0,0,0.0,2,25,25.01,
1,01_GENNAIO,25.01.03,,Perdita portata a nuovo,0,0,0.0,3,25,25.01,25.01.03
1,01_GENNAIO,25.01.90,,Perdite esercizi precedenti,0,0,0.0,3,25,25.01,25.01.90
1,01_GENNAIO,31,,FINANZIAMENTI DI TERZI,0,0,0.0,1,31,,
1,01_GENNAIO,31.03,,MUTUI E FINANZIAMENTI,0,0,0.0,2,31,31.03,
1,01_GENNAIO,31.03.06,,Finanziamenti bancari a breve termine,0,0,0.0,3,31,31.03,31.03.06
1,01_GENNAIO,31.03.15,,Soci c/finanziamento infruttifero,0,0,0.0,3,31,31.03,31.03.15
1,01_GENNAIO,31.03.90,,Soci c/finan. infruttifero Della Pietra,0,0,0.0,3,31,31.03,31.03.90
1,01_GENNAIO,31.03.92,,MUTUO BANCA INTESA SANPAOLO,0,0,0.0,3,31,31.03,31.03.92
1,01_GENNAIO,31.03.93,,Soci c/finan. infrut. al 31/12/2016,0,0,0.0,3,31,31.03,31.03.93
1,01_GENNAIO,33,,DEBITI COMMERCIALI,0,0,0.0,1,33,,
1,01_GENNAIO,33.03,,FORNITORI,0,0,0.0,2,33,33.03,
1,01_GENNAIO,33.03.01,F,Fornitori terzi Italia,0,0,0.0,3,33,33.03,33.03.01
1,01_GENNAIO,33.03.03,F,Fornitori terzi Estero,0,0,0.0,3,33,33.03,33.03.03
1,01_GENNAIO,35,,CONTI ERARIALI,0,0,0.0,1,35,,
1,01_GENNAIO,35,,CONTI ERARIALI,0,0,0.0,1,35,,
1,01_GENNAIO,35.01,,ERARIO C/IVA,0,0,0.0,2,35,35.01,
1,01_GENNAIO,35.01,,ERARIO C/IVA,0,0,0.0,2,35,35.01,
1,01_GENNAIO,35.01.01,,IVA su acquisti,0,0,0.0,3,35,35.01,35.01.01
1,01_GENNAIO,35.01.03,,IVA su vendite,0,0,0.0,3,35,35.01,35.01.03
1,01_GENNAIO,35.01.05,,IVA su corrispettivi,0,0,0.0,3,35,35.01,35.01.05
1,01_GENNAIO,35.01.11,,Erario c/liquidazione IVA,0,0,0.0,3,35,35.01,35.01.11
1,01_GENNAIO,35.01.21,,IVA a credito acquisti intracomunitari,0,0,0.0,3,35,35.01,35.01.21
1,01_GENNAIO,35.01.23,,IVA a debito acquisti intracomunitari,0,0,0.0,3,35,35.01,35.01.23
1,01_GENNAIO,35.03,,ERARIO C/SOSTITUTO D'IMPOSTA,0,0,0.0,2,35,35.03,
1,01_GENNAIO,35.03,,ERARIO C/SOSTITUTO D'IMPOSTA,0,0,0.0,2,35,35.03,
1,01_GENNAIO,35.03.01,,Erario c/riten.su redd.lav.dipend.e ass.,0,0,0.0,3,35,35.03,35.03.01
1,01_GENNAIO,35.03.05,,"Erario c/rit.redd.lav.aut.,agenti,rappr.",0,0,0.0,3,35,35.03,35.03.05
1,01_GENNAIO,35.03.13,,Erario c/vers.imposte da sostituto (730),0,0,0.0,3,35,35.03,35.03.13
1,01_GENNAIO,35.03.17,,Addizionale regionale,0,0,0.0,3,35,35.03,35.03.17
1,01_GENNAIO,35.03.19,,Addizionale comunale,0,0,0.0,3,35,35.03,35.03.19
1,01_GENNAIO,35.03.21,,Recupero somme erogate ai dipendenti,0,0,0.0,3,35,35.03,35.03.21
1,01_GENNAIO,35.07,,ERARIO C/IMPOSTE,0,0,0.0,2,35,35.07,
1,01_GENNAIO,35.07.01,,Erario c/IRES,0,0,0.0,3,35,35.07,35.07.01
1,01_GENNAIO,35.07.03,,Erario c/acconti IRES,0,0,0.0,3,35,35.07,35.07.03
1,01_GENNAIO,35.07.05,,Erario c/IRAP,0,0,0.0,3,35,35.07,35.07.05
1,01_GENNAIO,35.07.07,,Erario c/acconti IRAP,0,0,0.0,3,35,35.07,35.07.07
1,01_GENNAIO,37,,ENTI PREVIDENZIALI,0,0,0.0,1,37,,
1,01_GENNAIO,37.01,,ENTI PREVIDENZIALI,0,0,0.0,2,37,37.01,
1,01_GENNAIO,37.01.01,,INPS dipendenti,0,0,0.0,3,37,37.01,37.01.01
1,01_GENNAIO,37.01.03,,INPS collaboratori,0,0,0.0,3,37,37.01,37.01.03
1,01_GENNAIO,39,,ALTRI DEBITI,0,0,0.0,1,39,,
1,01_GENNAIO,39.05,,DEBITI VARI,0,0,0.0,2,39,39.05,
1,01_GENNAIO,39.05.21,,Debiti per caparre confirmatorie,0,0,0.0,3,39,39.05,39.05.21
1,01_GENNAIO,39.05.91,,Tassa di soggiorno HP,0,0,0.0,3,39,39.05,39.05.91
1,01_GENNAIO,39.05.92,,Tassa di soggiorno AR,0,0,0.0,3,39,39.05,39.05.92
1,01_GENNAIO,39.05.93,,Tassa di soggiorno CVM,0,0,0.0,3,39,39.05,39.05.93
1,01_GENNAIO,39.05.96,,DELLA PIETRA STEFANO C/FITTO,0,0,0.0,3,39,39.05,39.05.96
1,01_GENNAIO,39.05.97,,DELLA PIETRA PAOLA C/FITTO,0,0,0.0,3,39,39.05,39.05.97
1,01_GENNAIO,39.05.98,,DELLA PIETRA ANNAMARIA C/FITTO,0,0,0.0,3,39,39.05,39.05.98
1,01_GENNAIO,39.09,,COMPETENZE SOCI,0,0,0.0,2,39,39.09,
1,01_GENNAIO,39.09.07,,Debiti vs soci per capitale da rimbors.,0,0,0.0,3,39,39.09,39.09.07
1,01_GENNAIO,45,,RATEI E RISCONTI PASSIVI,0,0,0.0,1,45,,
1,01_GENNAIO,45.01,,RATEI E RISCONTI PASSIVI,0,0,0.0,2,45,45.01,
1,01_GENNAIO,45.01.01,,Ratei passivi,0,0,0.0,3,45,45.01,45.01.01
1,01_GENNAIO,47,,RICAVI DELLE VENDITE E DELLE PRESTAZIONI,0,0,0.0,1,47,,
1,01_GENNAIO,47.13,,VARIAZIONI PASSIVE SU VENDITE,0,0,0.0,2,47,47.13,
1,01_GENNAIO,47.13.05,,Ribassi e abbuoni passivi,0,0,0.0,3,47,47.13,47.13.05
1,01_GENNAIO,47.91,,Ricavi Hotel,0,0,0.0,2,47,47.91,
1,01_GENNAIO,47.91.01,,Ricavi per alloggi,0,0,0.0,3,47,47.91,47.91.01
1,01_GENNAIO,47.91.03,,Ricavi parcheggi,0,0,0.0,3,47,47.91,47.91.03
1,01_GENNAIO,47.91.07,,Ricavi F&B,0,0,0.0,3,47,47.91,47.91.07
1,01_GENNAIO,47.91.07.03,,Ricavi breakfast,0,0,0.0,4,47,47.91,47.91.07
1,01_GENNAIO,47.93,,Ricavi CVM,0,0,0.0,2,47,47.93,
1,01_GENNAIO,47.93.01,,Ricavi per alloggi,0,0,0.0,3,47,47.93,47.93.01
1,01_GENNAIO,47.93.03,,Ricavi parcheggi,0,0,0.0,3,47,47.93,47.93.03
1,01_GENNAIO,47.95,,Ricavi per affitti,0,0,0.0,2,47,47.95,
1,01_GENNAIO,47.95.01,,Ricavi farmacia,0,0,0.0,3,47,47.95,47.95.01
1,01_GENNAIO,55,,ACQUISTI DI BENI,0,0,0.0,1,55,,
1,01_GENNAIO,55.01,,ACQ. PER PRODUZ.DI BENI E PER RIVENDITA,0,0,0.0,2,55,55.01,
1,01_GENNAIO,55.01.90,,Acquisti materie prime Food,0,0,0.0,3,55,55.01,55.01.90
1,01_GENNAIO,55.03,,ACQUISTI PER LA PRODUZIONE DI SERVIZI,0,0,0.0,2,55,55.03,
1,01_GENNAIO,55.03.03,,Acq.materiali di consumo (att.servizi),0,0,0.0,3,55,55.03,55.03.03
1,01_GENNAIO,55.07,,ACQUISTI DIVERSI,0,0,0.0,2,55,55.07,
1,01_GENNAIO,55.07.01,,"Acquisto beni strumentali inf.516,46",0,0,0.0,3,55,55.07,55.07.01
1,01_GENNAIO,55.07.01.01,,"Acquisto beni strument.inf.516,46 ded.",0,0,0.0,4,55,55.07,55.07.01
1,01_GENNAIO,55.07.01.99,,"Acquisto beni strumentali inf.516,46",0,0,0.0,4,55,55.07,55.07.01
1,01_GENNAIO,55.07.25,,Materiali manutenzione totalm.deducibili,0,0,0.0,3,55,55.07,55.07.25
1,01_GENNAIO,57,,ACQUISTI DI SERVIZI,0,0,0.0,1,57,,
1,01_GENNAIO,57.01,,SERVIZI PER LA PRODUZIONE,0,0,0.0,2,57,57.01,
1,01_GENNAIO,57.01.51,,Altri servizi per la produzione,0,0,0.0,3,57,57.01,57.01.51
1,01_GENNAIO,57.01.51.90,,Altre spese per servizi,0,0,0.0,4,57,57.01,57.01.51
1,01_GENNAIO,57.01.51.94,,Commissioni OTA Casa Vacanza,0,0,0.0,4,57,57.01,57.01.51
1,01_GENNAIO,57.05,,COSTI ACCESSORI PER ACQUISTI,0,0,0.0,2,57,57.05,
1,01_GENNAIO,57.05.01,,Trasporti su acquisti,0,0,0.0,3,57,57.05,57.05.01
1,01_GENNAIO,57.05.01.03,,Trasporti di terzi (attività servizi),0,0,0.0,4,57,57.05,57.05.01
1,01_GENNAIO,57.09,,COSTI PER UTENZE,0,0,0.0,2,57,57.09,
1,01_GENNAIO,57.09.13,,Energia elettrica,0,0,0.0,3,57,57.09,57.09.13
1,01_GENNAIO,57.09.13.01,,Energia elettrica,0,0,0.0,4,57,57.09,57.09.13
1,01_GENNAIO,57.09.17,,Acqua potabile,0,0,0.0,3,57,57.09,57.09.17
1,01_GENNAIO,57.11,,MANUTENZIONI MACCHINARI E ATTREZZATURE,0,0,0.0,2,57,57.11,
1,01_GENNAIO,57.11.07,,Altre spese manutenzione beni propri,0,0,0.0,3,57,57.11,57.11.07
1,01_GENNAIO,57.11.07.01,,Altre spese manutenzione beni propri,0,0,0.0,4,57,57.11,57.11.07
1,01_GENNAIO,57.11.07.99,,Altre spese manutenzione beni propri,0,0,0.0,4,57,57.11,57.11.07
1,01_GENNAIO,61,,PRESTAZIONI DI LAVORO NON DIPENDENTE,0,0,0.0,1,61,,
1,01_GENNAIO,61.01,,PRESTAZIONI DI LAVORO AUTONOMO,0,0,0.0,2,61,61.01,
1,01_GENNAIO,61.01.90,,Spese legali,0,0,0.0,3,61,61.01,61.01.90
1,01_GENNAIO,63,,"SPESE AMMIN.,COMM. E DI RAPPRESENTANZA",0,0,0.0,1,63,,
1,01_GENNAIO,63.01,,SPESE COMMERCIALI E DI VIAGGIO,0,0,0.0,2,63,63.01,
1,01_GENNAIO,63.01.09,,Spese per alberghi e ristoranti,0,0,0.0,3,63,63.01,63.01.09
1,01_GENNAIO,63.01.09.11,,Spese alberghi e ristor.deducibili,0,0,0.0,4,63,63.01,63.01.09
1,01_GENNAIO,63.01.51,,Spese commerciali varie,0,0,0.0,3,63,63.01,63.01.51
1,01_GENNAIO,63.03,,SPESE DI RAPPRESENTANZA (ON.DIV.GEST.),0,0,0.0,2,63,63.03,
1,01_GENNAIO,63.03.03,,Omaggi,0,0,0.0,3,63,63.03,63.03.03
1,01_GENNAIO,63.03.03.01,,Omaggi con val.unit.inf.lim.art.108 c.2,0,0,0.0,4,63,63.03,63.03.03
1,01_GENNAIO,63.05,,SPESE AMMINISTRATIVE E GENERALI,0,0,0.0,2,63,63.05,
1,01_GENNAIO,63.05.13,,Premi di assicurazioni non obbligatorie,0,0,0.0,3,63,63.05,63.05.13
1,01_GENNAIO,63.05.13.01,,Premi di assicuraz.non obblig.deducibili,0,0,0.0,4,63,63.05,63.05.13
1,01_GENNAIO,63.05.15,,Premi di assicurazioni obbligatorie,0,0,0.0,3,63,63.05,63.05.15
1,01_GENNAIO,65,,COSTI PER GODIMENTO BENI DI TERZI,0,0,0.0,1,65,,
1,01_GENNAIO,65.07,,CANONI E LICENZE SOFTWARE,0,0,0.0,2,65,65.07,
1,01_GENNAIO,65.07.01,,Canoni per utilizzo licenze software,0,0,0.0,3,65,65.07,65.07.01
1,01_GENNAIO,65.90,,SOFTWARE E SERVIZI WEB,0,0,0.0,2,65,65.90,
1,01_GENNAIO,65.90.01,,Software per la Gestione Alberghiera,0,0,0.0,3,65,65.90,65.90.01
1,01_GENNAIO,65.90.08,,Domini e Hosting,0,0,0.0,3,65,65.90,65.90.08
1,01_GENNAIO,65.90.09,,Mail e Pec,0,0,0.0,3,65,65.90,65.90.09
1,01_GENNAIO,67,,COSTI PERSONALE DIPENDENTE,0,0,0.0,1,67,,
1,01_GENNAIO,67.01,,COSTI PERSONALE DIPENDENTE,0,0,0.0,2,67,67.01,
1,01_GENNAIO,67.01.01,,Retribuzioni lorde,0,0,0.0,3,67,67.01,67.01.01
1,01_GENNAIO,67.01.01.99,,Retribuzioni lorde,0,0,0.0,4,67,67.01,67.01.01
1,01_GENNAIO,67.01.11,,Premi INAIL,0,0,0.0,3,67,67.01,67.01.11
1,01_GENNAIO,67.03,,COSTI DIVERSI PERSONALE DIPENDENTE,0,0,0.0,2,67,67.03,
1,01_GENNAIO,67.03.91,,Software Reclutamento Personale,0,0,0.0,3,67,67.03,67.03.91
1,01_GENNAIO,71,,ONERI DIVERSI DI GESTIONE,0,0,0.0,1,71,,
1,01_GENNAIO,71.03,,ALTRI COSTI DI ESERCIZIO,0,0,0.0,2,71,71.03,
1,01_GENNAIO,71.03.03,,"Sanzioni, penalità e multe",0,0,0.0,3,71,71.03,71.03.03
1,01_GENNAIO,71.03.11,,"Abbonamenti, libri e pubblicazioni",0,0,0.0,3,71,71.03,71.03.11
1,01_GENNAIO,71.03.17,,Arrotondamenti passivi diversi,0,0,0.0,3,71,71.03,71.03.17
1,01_GENNAIO,75,,ONERI FINANZIARI,0,0,0.0,1,75,,
1,01_GENNAIO,75.01,,ONERI FINANZIARI VERSO BANCHE,0,0,0.0,2,75,75.01,
1,01_GENNAIO,75.01.07,,Commissioni e spese bancarie,0,0,0.0,3,75,75.01,75.01.07
1,01_GENNAIO,75.01.91,,Costo per bonifici verso altre banche,0,0,0.0,3,75,75.01,75.01.91
1,01_GENNAIO,75.01.92,,Costi per addebito SEPA,0,0,0.0,3,75,75.01,75.01.92
1,01_GENNAIO,75.01.95,,Commissioni su transato POS,0,0,0.0,3,75,75.01,75.01.95
1,01_GENNAIO,75.01.96,,Commissione omnic. e spese tenuta conto,0,0,0.0,3,75,75.01,75.01.96
1,01_GENNAIO,75.01.97,,Imposta di bollo c\c,0,0,0.0,3,75,75.01,75.01.97
1,01_GENNAIO,75.03,,ONERI FINANZIARI DIVERSI,0,0,0.0,2,75,75.03,
1,01_GENNAIO,75.03.01,,Interessi passivi su finanziam. di soci,0,0,0.0,3,75,75.03,75.03.01
1,01_GENNAIO,75.03.05,,Interessi passivi su mutui,0,0,0.0,3,75,75.03,75.03.05
1,01_GENNAIO,89,,CONTI DI CHIUSURA E RIAPERTURA,0,0,0.0,1,89,,
1,01_GENNAIO,89.01,,STATO PATRIMONIALE INIZIALE,0,0,0.0,2,89,89.01,
1,01_GENNAIO,89.01.01,,Stato patrimoniale iniziale,0,0,0.0,3,89,89.01,89.01.01
1,01_GENNAIO,89.01.03,,Ripresa partite clienti,0,0,0.0,3,89,89.01,89.01.03
2,02_FEBBRAIO,15,,CREDITI VARI,0,0,0.0,1,15,,
2,02_FEBBRAIO,15.01,,ANTICIPI A FORNITORI,0,0,0.0,2,15,15.01,
2,02_FEBBRAIO,15.01.07,F,Anticipi a fornitori terzi,0,0,0.0,3,15,15.01,15.01.07
2,02_FEBBRAIO,15.07,,CREDITI VERSO IL PERSONALE,0,0,0.0,2,15,15.07,
2,02_FEBBRAIO,15.07.01,,Anticipi in c/retribuzione,0,0,0.0,3,15,15.07,15.07.01
2,02_FEBBRAIO,19,,DISPONIBILITA' LIQUIDE,0,0,0.0,1,19,,
2,02_FEBBRAIO,19,,DISPONIBILITA' LIQUIDE,0,0,0.0,1,19,,
2,02_FEBBRAIO,19.01,,BANCHE C/C E POSTA C/C,0,0,0.0,2,19,19.01,
2,02_FEBBRAIO,19.01,,BANCHE C/C E POSTA C/C,0,0,0.0,2,19,19.01,
2,02_FEBBRAIO,19.01.01,B,Banca c/c,0,0,0.0,3,19,19.01,19.01.01
2,02_FEBBRAIO,19.01.01,B,Banca c/c,0,0,0.0,3,19,19.01,19.01.01
2,02_FEBBRAIO,19.03,,CASSA,0,0,0.0,2,19,19.03,
2,02_FEBBRAIO,19.03.03,,Cassa contanti,0,0,0.0,3,19,19.03,19.03.03
2,02_FEBBRAIO,19.90,,TRANSITO POS,0,0,0.0,2,19,19.90,
2,02_FEBBRAIO,19.90.01,,POS RECEPTION_T,0,0,0.0,3,19,19.90,19.90.01
2,02_FEBBRAIO,19.90.03,,PAY BY LINK_T,0,0,0.0,3,19,19.90,19.90.03
2,02_FEBBRAIO,19.90.07,,BONIFICO,0,0,0.0,3,19,19.90,19.90.07
2,02_FEBBRAIO,31,,FINANZIAMENTI DI TERZI,0,0,0.0,1,31,,
2,02_FEBBRAIO,31.03,,MUTUI E FINANZIAMENTI,0,0,0.0,2,31,31.03,
2,02_FEBBRAIO,31.03.92,,MUTUO BANCA INTESA SANPAOLO,0,0,0.0,3,31,31.03,31.03.92
2,02_FEBBRAIO,33,,DEBITI COMMERCIALI,0,0,0.0,1,33,,
2,02_FEBBRAIO,33.03,,FORNITORI,0,0,0.0,2,33,33.03,
2,02_FEBBRAIO,33.03.01,F,Fornitori terzi Italia,0,0,0.0,3,33,33.03,33.03.01
2,02_FEBBRAIO,33.03.03,F,Fornitori terzi Estero,0,0,0.0,3,33,33.03,33.03.03
2,02_FEBBRAIO,35,,CONTI ERARIALI,0,0,0.0,1,35,,
2,02_FEBBRAIO,35,,CONTI ERARIALI,0,0,0.0,1,35,,
2,02_FEBBRAIO,35.01,,ERARIO C/IVA,0,0,0.0,2,35,35.01,
2,02_FEBBRAIO,35.01,,ERARIO C/IVA,0,0,0.0,2,35,35.01,
2,02_FEBBRAIO,35.01.01,,IVA su acquisti,0,0,0.0,3,35,35.01,35.01.01
2,02_FEBBRAIO,35.01.03,,IVA su vendite,0,0,0.0,3,35,35.01,35.01.03
2,02_FEBBRAIO,35.01.05,,IVA su corrispettivi,0,0,0.0,3,35,35.01,35.01.05
2,02_FEBBRAIO,35.01.21,,IVA a credito acquisti intracomunitari,0,0,0.0,3,35,35.01,35.01.21
2,02_FEBBRAIO,35.01.23,,IVA a debito acquisti intracomunitari,0,0,0.0,3,35,35.01,35.01.23
2,02_FEBBRAIO,35.03,,ERARIO C/SOSTITUTO D'IMPOSTA,0,0,0.0,2,35,35.03,
2,02_FEBBRAIO,35.03.01,,Erario c/riten.su redd.lav.dipend.e ass.,0,0,0.0,3,35,35.03,35.03.01
2,02_FEBBRAIO,35.03.05,,"Erario c/rit.redd.lav.aut.,agenti,rappr.",0,0,0.0,3,35,35.03,35.03.05
2,02_FEBBRAIO,35.03.17,,Addizionale regionale,0,0,0.0,3,35,35.03,35.03.17
2,02_FEBBRAIO,35.03.19,,Addizionale comunale,0,0,0.0,3,35,35.03,35.03.19
2,02_FEBBRAIO,37,,ENTI PREVIDENZIALI,0,0,0.0,1,37,,
2,02_FEBBRAIO,37.01,,ENTI PREVIDENZIALI,0,0,0.0,2,37,37.01,
2,02_FEBBRAIO,37.01.01,,INPS dipendenti,0,0,0.0,3,37,37.01,37.01.01
2,02_FEBBRAIO,37.01.03,,INPS collaboratori,0,0,0.0,3,37,37.01,37.01.03
2,02_FEBBRAIO,39,,ALTRI DEBITI,0,0,0.0,1,39,,
2,02_FEBBRAIO,39.05,,DEBITI VARI,0,0,0.0,2,39,39.05,
2,02_FEBBRAIO,39.05.21,,Debiti per caparre confirmatorie,0,0,0.0,3,39,39.05,39.05.21
2,02_FEBBRAIO,39.05.93,,Tassa di soggiorno CVM,0,0,0.0,3,39,39.05,39.05.93
2,02_FEBBRAIO,39.05.94,,Tassa di soggiorno Dependance,0,0,0.0,3,39,39.05,39.05.94
2,02_FEBBRAIO,45,,RATEI E RISCONTI PASSIVI,0,0,0.0,1,45,,
2,02_FEBBRAIO,45.01,,RATEI E RISCONTI PASSIVI,0,0,0.0,2,45,45.01,
2,02_FEBBRAIO,45.01.01,,Ratei passivi,0,0,0.0,3,45,45.01,45.01.01
2,02_FEBBRAIO,47,,RICAVI DELLE VENDITE E DELLE PRESTAZIONI,0,0,0.0,1,47,,
2,02_FEBBRAIO,47.13,,VARIAZIONI PASSIVE SU VENDITE,0,0,0.0,2,47,47.13,
2,02_FEBBRAIO,47.13.05,,Ribassi e abbuoni passivi,0,0,0.0,3,47,47.13,47.13.05
2,02_FEBBRAIO,47.93,,Ricavi CVM,0,0,0.0,2,47,47.93,
2,02_FEBBRAIO,47.93.01,,Ricavi per alloggi,0,0,0.0,3,47,47.93,47.93.01
2,02_FEBBRAIO,47.93.03,,Ricavi parcheggi,0,0,0.0,3,47,47.93,47.93.03
2,02_FEBBRAIO,47.95,,Ricavi per affitti,0,0,0.0,2,47,47.95,
2,02_FEBBRAIO,47.95.01,,Ricavi farmacia,0,0,0.0,3,47,47.95,47.95.01
2,02_FEBBRAIO,53,,ALTRI RICAVI E PROVENTI,0,0,0.0,1,53,,
2,02_FEBBRAIO,53.01,,PROVENTI DIVERSI,0,0,0.0,2,53,53.01,
2,02_FEBBRAIO,53.01.29,,Arrotondamenti attivi diversi,0,0,0.0,3,53,53.01,53.01.29
2,02_FEBBRAIO,55,,ACQUISTI DI BENI,0,0,0.0,1,55,,
2,02_FEBBRAIO,55.01,,ACQ. PER PRODUZ.DI BENI E PER RIVENDITA,0,0,0.0,2,55,55.01,
2,02_FEBBRAIO,55.01.90,,Acquisti materie prime Food,0,0,0.0,3,55,55.01,55.01.90
2,02_FEBBRAIO,55.01.91,,Acquisti materie prime Beverage,0,0,0.0,3,55,55.01,55.01.91
2,02_FEBBRAIO,55.03,,ACQUISTI PER LA PRODUZIONE DI SERVIZI,0,0,0.0,2,55,55.03,
2,02_FEBBRAIO,55.03.03,,Acq.materiali di consumo (att.servizi),0,0,0.0,3,55,55.03,55.03.03
2,02_FEBBRAIO,55.05,,VARIAZIONI ATTIVE SU ACQUISTI,0,0,0.0,2,55,55.05,
2,02_FEBBRAIO,55.05.03,,Abbuoni e arrotond.attivi su acquisti,0,0,0.0,3,55,55.05,55.05.03
2,02_FEBBRAIO,55.05.03.01,,Abb.e arrotond.attivi su acquisti,0,0,0.0,4,55,55.05,55.05.03
2,02_FEBBRAIO,55.07,,ACQUISTI DIVERSI,0,0,0.0,2,55,55.07,
2,02_FEBBRAIO,55.07.01,,"Acquisto beni strumentali inf.516,46",0,0,0.0,3,55,55.07,55.07.01
2,02_FEBBRAIO,55.07.01.01,,"Acquisto beni strument.inf.516,46 ded.",0,0,0.0,4,55,55.07,55.07.01
2,02_FEBBRAIO,55.07.25,,Materiali manutenzione totalm.deducibili,0,0,0.0,3,55,55.07,55.07.25
2,02_FEBBRAIO,57,,ACQUISTI DI SERVIZI,0,0,0.0,1,57,,
2,02_FEBBRAIO,57.01,,SERVIZI PER LA PRODUZIONE,0,0,0.0,2,57,57.01,
2,02_FEBBRAIO,57.01.51,,Altri servizi per la produzione,0,0,0.0,3,57,57.01,57.01.51
2,02_FEBBRAIO,57.01.51.90,,Altre spese per servizi,0,0,0.0,4,57,57.01,57.01.51
2,02_FEBBRAIO,57.01.51.91,,Costo per noleggio biancheria,0,0,0.0,4,57,57.01,57.01.51
2,02_FEBBRAIO,57.01.51.94,,Commissioni OTA Casa Vacanza,0,0,0.0,4,57,57.01,57.01.51
2,02_FEBBRAIO,57.01.51.95,,Commissioni Spiagge/Stripe,0,0,0.0,4,57,57.01,57.01.51
2,02_FEBBRAIO,57.09,,COSTI PER UTENZE,0,0,0.0,2,57,57.09,
2,02_FEBBRAIO,57.09.01,,Spese telefoniche ordinarie,0,0,0.0,3,57,57.09,57.09.01
2,02_FEBBRAIO,57.09.01.01,,Spese telefoniche ordinarie,0,0,0.0,4,57,57.09,57.09.01
2,02_FEBBRAIO,57.09.09,,Costi gestione reti interne,0,0,0.0,3,57,57.09,57.09.09
2,02_FEBBRAIO,57.09.13,,Energia elettrica,0,0,0.0,3,57,57.09,57.09.13
2,02_FEBBRAIO,57.09.13.01,,Energia elettrica,0,0,0.0,4,57,57.09,57.09.13
2,02_FEBBRAIO,57.11,,MANUTENZIONI MACCHINARI E ATTREZZATURE,0,0,0.0,2,57,57.11,
2,02_FEBBRAIO,57.11.01,S,Spese manut.impianti e macchin.propri,0,0,0.0,3,57,57.11,57.11.01
2,02_FEBBRAIO,57.11.15,,Spese manut.impianti e macchin.di terzi,0,0,0.0,3,57,57.11,57.11.15
2,02_FEBBRAIO,61,,PRESTAZIONI DI LAVORO NON DIPENDENTE,0,0,0.0,1,61,,
2,02_FEBBRAIO,61.01,,PRESTAZIONI DI LAVORO AUTONOMO,0,0,0.0,2,61,61.01,
2,02_FEBBRAIO,61.01.01,,Consulenze amministrative e fiscali,0,0,0.0,3,61,61.01,61.01.01
2,02_FEBBRAIO,61.01.01.91,,Consulenze del lavoro (ordinarie),0,0,0.0,4,61,61.01,61.01.01
2,02_FEBBRAIO,63,,"SPESE AMMIN.,COMM. E DI RAPPRESENTANZA",0,0,0.0,1,63,,
2,02_FEBBRAIO,63.01,,SPESE COMMERCIALI E DI VIAGGIO,0,0,0.0,2,63,63.01,
2,02_FEBBRAIO,63.01.09,,Spese per alberghi e ristoranti,0,0,0.0,3,63,63.01,63.01.09
2,02_FEBBRAIO,63.01.09.11,,Spese alberghi e ristor.deducibili,0,0,0.0,4,63,63.01,63.01.09
2,02_FEBBRAIO,63.01.13,,Spese di viaggio,0,0,0.0,3,63,63.01,63.01.13
2,02_FEBBRAIO,65,,COSTI PER GODIMENTO BENI DI TERZI,0,0,0.0,1,65,,
2,02_FEBBRAIO,65.01,,GESTIONE IMMOBILI,0,0,0.0,2,65,65.01,
2,02_FEBBRAIO,65.01.07,,Spese condominiali e varie immobili di t,0,0,0.0,3,65,65.01,65.01.07
2,02_FEBBRAIO,65.01.07.01,,Spese condominiali e varie ded. immobili,0,0,0.0,4,65,65.01,65.01.07
2,02_FEBBRAIO,65.07,,CANONI E LICENZE SOFTWARE,0,0,0.0,2,65,65.07,
2,02_FEBBRAIO,65.07.01,,Canoni per utilizzo licenze software,0,0,0.0,3,65,65.07,65.07.01
2,02_FEBBRAIO,65.90,,SOFTWARE E SERVIZI WEB,0,0,0.0,2,65,65.90,
2,02_FEBBRAIO,65.90.01,,Software per la Gestione Alberghiera,0,0,0.0,3,65,65.90,65.90.01
2,02_FEBBRAIO,65.90.09,,Mail e Pec,0,0,0.0,3,65,65.90,65.90.09
2,02_FEBBRAIO,67,,COSTI PERSONALE DIPENDENTE,0,0,0.0,1,67,,
2,02_FEBBRAIO,67.01,,COSTI PERSONALE DIPENDENTE,0,0,0.0,2,67,67.01,
2,02_FEBBRAIO,67.01.01,,Retribuzioni lorde,0,0,0.0,3,67,67.01,67.01.01
2,02_FEBBRAIO,67.01.01.99,,Retribuzioni lorde,0,0,0.0,4,67,67.01,67.01.01
2,02_FEBBRAIO,67.01.11,,Premi INAIL,0,0,0.0,3,67,67.01,67.01.11
2,02_FEBBRAIO,67.03,,COSTI DIVERSI PERSONALE DIPENDENTE,0,0,0.0,2,67,67.03,
2,02_FEBBRAIO,67.03.91,,Software Reclutamento Personale,0,0,0.0,3,67,67.03,67.03.91
2,02_FEBBRAIO,71,,ONERI DIVERSI DI GESTIONE,0,0,0.0,1,71,,
2,02_FEBBRAIO,71.01,,ONERI TRIBUTARI,0,0,0.0,2,71,71.01,
2,02_FEBBRAIO,71.01.91,,Imposta di registro,0,0,0.0,3,71,71.01,71.01.91
2,02_FEBBRAIO,71.03,,ALTRI COSTI DI ESERCIZIO,0,0,0.0,2,71,71.03,
2,02_FEBBRAIO,71.03.03,,"Sanzioni, penalità e multe",0,0,0.0,3,71,71.03,71.03.03
2,02_FEBBRAIO,71.03.09,,Cancelleria varia,0,0,0.0,3,71,71.03,71.03.09
2,02_FEBBRAIO,71.03.11,,"Abbonamenti, libri e pubblicazioni",0,0,0.0,3,71,71.03,71.03.11
2,02_FEBBRAIO,71.03.17,,Arrotondamenti passivi diversi,0,0,0.0,3,71,71.03,71.03.17
2,02_FEBBRAIO,75,,ONERI FINANZIARI,0,0,0.0,1,75,,
2,02_FEBBRAIO,75.01,,ONERI FINANZIARI VERSO BANCHE,0,0,0.0,2,75,75.01,
2,02_FEBBRAIO,75.01.07,,Commissioni e spese bancarie,0,0,0.0,3,75,75.01,75.01.07
2,02_FEBBRAIO,75.01.91,,Costo per bonifici verso altre banche,0,0,0.0,3,75,75.01,75.01.91
2,02_FEBBRAIO,75.01.92,,Costi per addebito SEPA,0,0,0.0,3,75,75.01,75.01.92
2,02_FEBBRAIO,75.01.95,,Commissioni su transato POS,0,0,0.0,3,75,75.01,75.01.95
2,02_FEBBRAIO,75.03,,ONERI FINANZIARI DIVERSI,0,0,0.0,2,75,75.03,
2,02_FEBBRAIO,75.03.05,,Interessi passivi su mutui,0,0,0.0,3,75,75.03,75.03.05
3,03_MARZO,15,,CREDITI VARI,0,0,0.0,1,15,,
3,03_MARZO,15.01,,ANTICIPI A FORNITORI,0,0,0.0,2,15,15.01,
3,03_MARZO,15.01.07,F,Anticipi a fornitori terzi,0,0,0.0,3,15,15.01,15.01.07
3,03_MARZO,15.05,,CREDITI VARI V/TERZI,0,0,0.0,2,15,15.05,
3,03_MARZO,15.05.03,,Depositi cauzionali vari,0,0,0.0,3,15,15.05,15.05.03
3,03_MARZO,19,,DISPONIBILITA' LIQUIDE,0,0,0.0,1,19,,
3,03_MARZO,19,,DISPONIBILITA' LIQUIDE,0,0,0.0,1,19,,
3,03_MARZO,19.01,,BANCHE C/C E POSTA C/C,0,0,0.0,2,19,19.01,
3,03_MARZO,19.01,,BANCHE C/C E POSTA C/C,0,0,0.0,2,19,19.01,
3,03_MARZO,19.01.01,B,Banca c/c,0,0,0.0,3,19,19.01,19.01.01
3,03_MARZO,19.01.01,B,Banca c/c,0,0,0.0,3,19,19.01,19.01.01
3,03_MARZO,19.03,,CASSA,0,0,0.0,2,19,19.03,
3,03_MARZO,19.03.03,,Cassa contanti,0,0,0.0,3,19,19.03,19.03.03
3,03_MARZO,19.90,,TRANSITO POS,0,0,0.0,2,19,19.90,
3,03_MARZO,19.90.01,,POS RECEPTION_T,0,0,0.0,3,19,19.90,19.90.01
3,03_MARZO,19.90.03,,PAY BY LINK_T,0,0,0.0,3,19,19.90,19.90.03
3,03_MARZO,31,,FINANZIAMENTI DI TERZI,0,0,0.0,1,31,,
3,03_MARZO,31.03,,MUTUI E FINANZIAMENTI,0,0,0.0,2,31,31.03,
3,03_MARZO,31.03.05,,Finanz.a medio/lungo termine bancari,0,0,0.0,3,31,31.03,31.03.05
3,03_MARZO,31.03.92,,MUTUO BANCA INTESA SANPAOLO,0,0,0.0,3,31,31.03,31.03.92
3,03_MARZO,33,,DEBITI COMMERCIALI,0,0,0.0,1,33,,
3,03_MARZO,33.03,,FORNITORI,0,0,0.0,2,33,33.03,
3,03_MARZO,33.03.01,F,Fornitori terzi Italia,0,0,0.0,3,33,33.03,33.03.01
3,03_MARZO,33.03.03,F,Fornitori terzi Estero,0,0,0.0,3,33,33.03,33.03.03
3,03_MARZO,35,,CONTI ERARIALI,0,0,0.0,1,35,,
3,03_MARZO,35,,CONTI ERARIALI,0,0,0.0,1,35,,
3,03_MARZO,35.01,,ERARIO C/IVA,0,0,0.0,2,35,35.01,
3,03_MARZO,35.01,,ERARIO C/IVA,0,0,0.0,2,35,35.01,
3,03_MARZO,35.01.01,,IVA su acquisti,0,0,0.0,3,35,35.01,35.01.01
3,03_MARZO,35.01.03,,IVA su vendite,0,0,0.0,3,35,35.01,35.01.03
3,03_MARZO,35.01.05,,IVA su corrispettivi,0,0,0.0,3,35,35.01,35.01.05
3,03_MARZO,35.01.21,,IVA a credito acquisti intracomunitari,0,0,0.0,3,35,35.01,35.01.21
3,03_MARZO,35.01.23,,IVA a debito acquisti intracomunitari,0,0,0.0,3,35,35.01,35.01.23
3,03_MARZO,35.03,,ERARIO C/SOSTITUTO D'IMPOSTA,0,0,0.0,2,35,35.03,
3,03_MARZO,35.03.01,,Erario c/riten.su redd.lav.dipend.e ass.,0,0,0.0,3,35,35.03,35.03.01
3,03_MARZO,35.03.05,,"Erario c/rit.redd.lav.aut.,agenti,rappr.",0,0,0.0,3,35,35.03,35.03.05
3,03_MARZO,35.03.17,,Addizionale regionale,0,0,0.0,3,35,35.03,35.03.17
3,03_MARZO,35.03.19,,Addizionale comunale,0,0,0.0,3,35,35.03,35.03.19
3,03_MARZO,37,,ENTI PREVIDENZIALI,0,0,0.0,1,37,,
3,03_MARZO,37.01,,ENTI PREVIDENZIALI,0,0,0.0,2,37,37.01,
3,03_MARZO,37.01.01,,INPS dipendenti,0,0,0.0,3,37,37.01,37.01.01
3,03_MARZO,37.01.03,,INPS collaboratori,0,0,0.0,3,37,37.01,37.01.03
3,03_MARZO,39,,ALTRI DEBITI,0,0,0.0,1,39,,
3,03_MARZO,39.05,,DEBITI VARI,0,0,0.0,2,39,39.05,
3,03_MARZO,39.05.21,,Debiti per caparre confirmatorie,0,0,0.0,3,39,39.05,39.05.21
3,03_MARZO,39.05.91,,Tassa di soggiorno HP,0,0,0.0,3,39,39.05,39.05.91
3,03_MARZO,39.05.93,,Tassa di soggiorno CVM,0,0,0.0,3,39,39.05,39.05.93
3,03_MARZO,39.05.94,,Tassa di soggiorno Dependance,0,0,0.0,3,39,39.05,39.05.94
3,03_MARZO,45,,RATEI E RISCONTI PASSIVI,0,0,0.0,1,45,,
3,03_MARZO,45.01,,RATEI E RISCONTI PASSIVI,0,0,0.0,2,45,45.01,
3,03_MARZO,45.01.01,,Ratei passivi,0,0,0.0,3,45,45.01,45.01.01
3,03_MARZO,47,,RICAVI DELLE VENDITE E DELLE PRESTAZIONI,0,0,0.0,1,47,,
3,03_MARZO,47.13,,VARIAZIONI PASSIVE SU VENDITE,0,0,0.0,2,47,47.13,
3,03_MARZO,47.13.05,,Ribassi e abbuoni passivi,0,0,0.0,3,47,47.13,47.13.05
3,03_MARZO,47.91,,Ricavi Hotel,0,0,0.0,2,47,47.91,
3,03_MARZO,47.91.01,,Ricavi per alloggi,0,0,0.0,3,47,47.91,47.91.01
3,03_MARZO,47.91.03,,Ricavi parcheggi,0,0,0.0,3,47,47.91,47.91.03
3,03_MARZO,47.91.07,,Ricavi F&B,0,0,0.0,3,47,47.91,47.91.07
3,03_MARZO,47.91.07.03,,Ricavi breakfast,0,0,0.0,4,47,47.91,47.91.07
3,03_MARZO,47.93,,Ricavi CVM,0,0,0.0,2,47,47.93,
3,03_MARZO,47.93.01,,Ricavi per alloggi,0,0,0.0,3,47,47.93,47.93.01
3,03_MARZO,47.93.03,,Ricavi parcheggi,0,0,0.0,3,47,47.93,47.93.03
3,03_MARZO,47.95,,Ricavi per affitti,0,0,0.0,2,47,47.95,
3,03_MARZO,47.95.01,,Ricavi farmacia,0,0,0.0,3,47,47.95,47.95.01
3,03_MARZO,53,,ALTRI RICAVI E PROVENTI,0,0,0.0,1,53,,
3,03_MARZO,53.01,,PROVENTI DIVERSI,0,0,0.0,2,53,53.01,
3,03_MARZO,53.01.29,,Arrotondamenti attivi diversi,0,0,0.0,3,53,53.01,53.01.29
3,03_MARZO,55,,ACQUISTI DI BENI,0,0,0.0,1,55,,
3,03_MARZO,55.01,,ACQ. PER PRODUZ.DI BENI E PER RIVENDITA,0,0,0.0,2,55,55.01,
3,03_MARZO,55.01.90,,Acquisti materie prime Food,0,0,0.0,3,55,55.01,55.01.90
3,03_MARZO,55.03,,ACQUISTI PER LA PRODUZIONE DI SERVIZI,0,0,0.0,2,55,55.03,
3,03_MARZO,55.03.03,,Acq.materiali di consumo (att.servizi),0,0,0.0,3,55,55.03,55.03.03
3,03_MARZO,55.05,,VARIAZIONI ATTIVE SU ACQUISTI,0,0,0.0,2,55,55.05,
3,03_MARZO,55.05.03,,Abbuoni e arrotond.attivi su acquisti,0,0,0.0,3,55,55.05,55.05.03
3,03_MARZO,55.05.03.01,,Abb.e arrotond.attivi su acquisti,0,0,0.0,4,55,55.05,55.05.03
3,03_MARZO,55.07,,ACQUISTI DIVERSI,0,0,0.0,2,55,55.07,
3,03_MARZO,55.07.01,,"Acquisto beni strumentali inf.516,46",0,0,0.0,3,55,55.07,55.07.01
3,03_MARZO,55.07.01.01,,"Acquisto beni strument.inf.516,46 ded.",0,0,0.0,4,55,55.07,55.07.01
3,03_MARZO,55.07.11,S,Materiali manutenz.impianti e macchinari,0,0,0.0,3,55,55.07,55.07.11
3,03_MARZO,55.07.13,,Materiali manutenzioni diverse,0,0,0.0,3,55,55.07,55.07.13
3,03_MARZO,55.07.25,,Materiali manutenzione totalm.deducibili,0,0,0.0,3,55,55.07,55.07.25
3,03_MARZO,55.07.90,,"Allestimento (piante, fiori ecc)",0,0,0.0,3,55,55.07,55.07.90
3,03_MARZO,57,,ACQUISTI DI SERVIZI,0,0,0.0,1,57,,
3,03_MARZO,57.01,,SERVIZI PER LA PRODUZIONE,0,0,0.0,2,57,57.01,
3,03_MARZO,57.01.51,,Altri servizi per la produzione,0,0,0.0,3,57,57.01,57.01.51
3,03_MARZO,57.01.51.01,,Altri servizi per la produzione,0,0,0.0,4,57,57.01,57.01.51
3,03_MARZO,57.01.51.90,,Altre spese per servizi,0,0,0.0,4,57,57.01,57.01.51
3,03_MARZO,57.09,,COSTI PER UTENZE,0,0,0.0,2,57,57.09,
3,03_MARZO,57.09.13,,Energia elettrica,0,0,0.0,3,57,57.09,57.09.13
3,03_MARZO,57.09.13.01,,Energia elettrica,0,0,0.0,4,57,57.09,57.09.13
3,03_MARZO,57.09.17,,Acqua potabile,0,0,0.0,3,57,57.09,57.09.17
3,03_MARZO,61,,PRESTAZIONI DI LAVORO NON DIPENDENTE,0,0,0.0,1,61,,
3,03_MARZO,61.01,,PRESTAZIONI DI LAVORO AUTONOMO,0,0,0.0,2,61,61.01,
3,03_MARZO,61.01.03,,Consulenze tecniche,0,0,0.0,3,61,61.01,61.01.03
3,03_MARZO,63,,"SPESE AMMIN.,COMM. E DI RAPPRESENTANZA",0,0,0.0,1,63,,
3,03_MARZO,63.01,,SPESE COMMERCIALI E DI VIAGGIO,0,0,0.0,2,63,63.01,
3,03_MARZO,63.01.01,,"Pubblicità, inserzioni e affissioni",0,0,0.0,3,63,63.01,63.01.01
3,03_MARZO,63.01.01.01,,"Pubblicità, inserz. e affissioni ded.",0,0,0.0,4,63,63.01,63.01.01
3,03_MARZO,63.01.09,,Spese per alberghi e ristoranti,0,0,0.0,3,63,63.01,63.01.09
3,03_MARZO,63.01.09.11,,Spese alberghi e ristor.deducibili,0,0,0.0,4,63,63.01,63.01.09
3,03_MARZO,63.05,,SPESE AMMINISTRATIVE E GENERALI,0,0,0.0,2,63,63.05,
3,03_MARZO,63.05.11,,Altre spese amministrative,0,0,0.0,3,63,63.05,63.05.11
3,03_MARZO,63.05.51,,Spese generali varie,0,0,0.0,3,63,63.05,63.05.51
3,03_MARZO,65,,COSTI PER GODIMENTO BENI DI TERZI,0,0,0.0,1,65,,
3,03_MARZO,65.07,,CANONI E LICENZE SOFTWARE,0,0,0.0,2,65,65.07,
3,03_MARZO,65.07.01,,Canoni per utilizzo licenze software,0,0,0.0,3,65,65.07,65.07.01
3,03_MARZO,65.90,,SOFTWARE E SERVIZI WEB,0,0,0.0,2,65,65.90,
3,03_MARZO,65.90.01,,Software per la Gestione Alberghiera,0,0,0.0,3,65,65.90,65.90.01
3,03_MARZO,65.90.09,,Mail e Pec,0,0,0.0,3,65,65.90,65.90.09
3,03_MARZO,67,,COSTI PERSONALE DIPENDENTE,0,0,0.0,1,67,,
3,03_MARZO,67.01,,COSTI PERSONALE DIPENDENTE,0,0,0.0,2,67,67.01,
3,03_MARZO,67.01.01,,Retribuzioni lorde,0,0,0.0,3,67,67.01,67.01.01
3,03_MARZO,67.01.01.01,,Retribuzioni lorde dipendenti ordinari,0,0,0.0,4,67,67.01,67.01.01
3,03_MARZO,67.03,,COSTI DIVERSI PERSONALE DIPENDENTE,0,0,0.0,2,67,67.03,
3,03_MARZO,67.03.51,,Altri costi per il personale dipendente,0,0,0.0,3,67,67.03,67.03.51
3,03_MARZO,67.03.91,,Software Reclutamento Personale,0,0,0.0,3,67,67.03,67.03.91
3,03_MARZO,67.03.94,,Vestiario dipendenti,0,0,0.0,3,67,67.03,67.03.94
3,03_MARZO,71,,ONERI DIVERSI DI GESTIONE,0,0,0.0,1,71,,
3,03_MARZO,71.01,,ONERI TRIBUTARI,0,0,0.0,2,71,71.01,
3,03_MARZO,71.01.90,,Diritti S.I.A.E.,0,0,0.0,3,71,71.01,71.01.90
3,03_MARZO,71.03,,ALTRI COSTI DI ESERCIZIO,0,0,0.0,2,71,71.03,
3,03_MARZO,71.03.03,,"Sanzioni, penalità e multe",0,0,0.0,3,71,71.03,71.03.03
3,03_MARZO,71.03.09,,Cancelleria varia,0,0,0.0,3,71,71.03,71.03.09
3,03_MARZO,71.03.11,,"Abbonamenti, libri e pubblicazioni",0,0,0.0,3,71,71.03,71.03.11
3,03_MARZO,71.03.17,,Arrotondamenti passivi diversi,0,0,0.0,3,71,71.03,71.03.17
3,03_MARZO,75,,ONERI FINANZIARI,0,0,0.0,1,75,,
3,03_MARZO,75.01,,ONERI FINANZIARI VERSO BANCHE,0,0,0.0,2,75,75.01,
3,03_MARZO,75.01.01,,Interessi passivi bancari,0,0,0.0,3,75,75.01,75.01.01
3,03_MARZO,75.01.07,,Commissioni e spese bancarie,0,0,0.0,3,75,75.01,75.01.07
3,03_MARZO,75.01.11,,Commissioni bancarie su finanziamenti,0,0,0.0,3,75,75.01,75.01.11
3,03_MARZO,75.01.91,,Costo per bonifici verso altre banche,0,0,0.0,3,75,75.01,75.01.91
3,03_MARZO,75.01.92,,Costi per addebito SEPA,0,0,0.0,3,75,75.01,75.01.92
3,03_MARZO,75.01.95,,Commissioni su transato POS,0,0,0.0,3,75,75.01,75.01.95
3,03_MARZO,75.03,,ONERI FINANZIARI DIVERSI,0,0,0.0,2,75,75.03,
3,03_MARZO,75.03.05,,Interessi passivi su mutui,0,0,0.0,3,75,75.03,75.03.05
4,04_APRILE,11,,CREDITI COMMERCIALI,0,0,0.0,1,11,,
4,04_APRILE,11.03,,CLIENTI,0,0,0.0,2,11,11.03,
4,04_APRILE,11.03.01,C,Clienti terzi Italia,0,0,0.0,3,11,11.03,11.03.01
4,04_APRILE,15,,CREDITI VARI,0,0,0.0,1,15,,
4,04_APRILE,15.05,,CREDITI VARI V/TERZI,0,0,0.0,2,15,15.05,
4,04_APRILE,15.05.03,,Depositi cauzionali vari,0,0,0.0,3,15,15.05,15.05.03
4,04_APRILE,15.05.91,,Crediti v/soci,0,0,0.0,3,15,15.05,15.05.91
4,04_APRILE,19,,DISPONIBILITA' LIQUIDE,0,0,0.0,1,19,,
4,04_APRILE,19,,DISPONIBILITA' LIQUIDE,0,0,0.0,1,19,,
4,04_APRILE,19.01,,BANCHE C/C E POSTA C/C,0,0,0.0,2,19,19.01,
4,04_APRILE,19.01,,BANCHE C/C E POSTA C/C,0,0,0.0,2,19,19.01,
4,04_APRILE,19.01.01,B,Banca c/c,0,0,0.0,3,19,19.01,19.01.01
4,04_APRILE,19.01.01,B,Banca c/c,0,0,0.0,3,19,19.01,19.01.01
4,04_APRILE,19.03,,CASSA,0,0,0.0,2,19,19.03,
4,04_APRILE,19.03.03,,Cassa contanti,0,0,0.0,3,19,19.03,19.03.03
4,04_APRILE,31,,FINANZIAMENTI DI TERZI,0,0,0.0,1,31,,
4,04_APRILE,31.03,,MUTUI E FINANZIAMENTI,0,0,0.0,2,31,31.03,
4,04_APRILE,31.03.05,,Finanz.a medio/lungo termine bancari,0,0,0.0,3,31,31.03,31.03.05
4,04_APRILE,31.03.92,,MUTUO BANCA INTESA SANPAOLO,0,0,0.0,3,31,31.03,31.03.92
4,04_APRILE,33,,DEBITI COMMERCIALI,0,0,0.0,1,33,,
4,04_APRILE,33.03,,FORNITORI,0,0,0.0,2,33,33.03,
4,04_APRILE,33.03.01,F,Fornitori terzi Italia,0,0,0.0,3,33,33.03,33.03.01
4,04_APRILE,33.03.03,F,Fornitori terzi Estero,0,0,0.0,3,33,33.03,33.03.03
4,04_APRILE,35,,CONTI ERARIALI,0,0,0.0,1,35,,
4,04_APRILE,35,,CONTI ERARIALI,0,0,0.0,1,35,,
4,04_APRILE,35.01,,ERARIO C/IVA,0,0,0.0,2,35,35.01,
4,04_APRILE,35.01,,ERARIO C/IVA,0,0,0.0,2,35,35.01,
4,04_APRILE,35.01.01,,IVA su acquisti,0,0,0.0,3,35,35.01,35.01.01
4,04_APRILE,35.01.03,,IVA su vendite,0,0,0.0,3,35,35.01,35.01.03
4,04_APRILE,35.03,,ERARIO C/SOSTITUTO D'IMPOSTA,0,0,0.0,2,35,35.03,
4,04_APRILE,35.03,,ERARIO C/SOSTITUTO D'IMPOSTA,0,0,0.0,2,35,35.03,
4,04_APRILE,35.03.01,,Erario c/riten.su redd.lav.dipend.e ass.,0,0,0.0,3,35,35.03,35.03.01
4,04_APRILE,35.03.05,,"Erario c/rit.redd.lav.aut.,agenti,rappr.",0,0,0.0,3,35,35.03,35.03.05
4,04_APRILE,35.03.17,,Addizionale regionale,0,0,0.0,3,35,35.03,35.03.17
4,04_APRILE,35.03.19,,Addizionale comunale,0,0,0.0,3,35,35.03,35.03.19
4,04_APRILE,37,,ENTI PREVIDENZIALI,0,0,0.0,1,37,,
4,04_APRILE,37.01,,ENTI PREVIDENZIALI,0,0,0.0,2,37,37.01,
4,04_APRILE,37.01.01,,INPS dipendenti,0,0,0.0,3,37,37.01,37.01.01
4,04_APRILE,37.01.03,,INPS collaboratori,0,0,0.0,3,37,37.01,37.01.03
4,04_APRILE,39,,ALTRI DEBITI,0,0,0.0,1,39,,
4,04_APRILE,39.05,,DEBITI VARI,0,0,0.0,2,39,39.05,
4,04_APRILE,39.05.21,,Debiti per caparre confirmatorie,0,0,0.0,3,39,39.05,39.05.21
4,04_APRILE,39.05.91,,Tassa di soggiorno HP,0,0,0.0,3,39,39.05,39.05.91
4,04_APRILE,39.05.93,,Tassa di soggiorno CVM,0,0,0.0,3,39,39.05,39.05.93
4,04_APRILE,45,,RATEI E RISCONTI PASSIVI,0,0,0.0,1,45,,
4,04_APRILE,45.01,,RATEI E RISCONTI PASSIVI,0,0,0.0,2,45,45.01,
4,04_APRILE,45.01.01,,Ratei passivi,0,0,0.0,3,45,45.01,45.01.01
4,04_APRILE,47,,RICAVI DELLE VENDITE E DELLE PRESTAZIONI,0,0,0.0,1,47,,
4,04_APRILE,47.95,,Ricavi per affitti,0,0,0.0,2,47,47.95,
4,04_APRILE,47.95.01,,Ricavi farmacia,0,0,0.0,3,47,47.95,47.95.01
4,04_APRILE,53,,ALTRI RICAVI E PROVENTI,0,0,0.0,1,53,,
4,04_APRILE,53.01,,PROVENTI DIVERSI,0,0,0.0,2,53,53.01,
4,04_APRILE,53.01.29,,Arrotondamenti attivi diversi,0,0,0.0,3,53,53.01,53.01.29
4,04_APRILE,55,,ACQUISTI DI BENI,0,0,0.0,1,55,,
4,04_APRILE,55.01,,ACQ. PER PRODUZ.DI BENI E PER RIVENDITA,0,0,0.0,2,55,55.01,
4,04_APRILE,55.01.90,,Acquisti materie prime Food,0,0,0.0,3,55,55.01,55.01.90
4,04_APRILE,55.03,,ACQUISTI PER LA PRODUZIONE DI SERVIZI,0,0,0.0,2,55,55.03,
4,04_APRILE,55.03.03,,Acq.materiali di consumo (att.servizi),0,0,0.0,3,55,55.03,55.03.03
4,04_APRILE,55.07,,ACQUISTI DIVERSI,0,0,0.0,2,55,55.07,
4,04_APRILE,55.07.01,,"Acquisto beni strumentali inf.516,46",0,0,0.0,3,55,55.07,55.07.01
4,04_APRILE,55.07.01.01,,"Acquisto beni strument.inf.516,46 ded.",0,0,0.0,4,55,55.07,55.07.01
4,04_APRILE,55.07.11,S,Materiali manutenz.impianti e macchinari,0,0,0.0,3,55,55.07,55.07.11
4,04_APRILE,55.07.13,,Materiali manutenzioni diverse,0,0,0.0,3,55,55.07,55.07.13
4,04_APRILE,55.07.25,,Materiali manutenzione totalm.deducibili,0,0,0.0,3,55,55.07,55.07.25
4,04_APRILE,57,,ACQUISTI DI SERVIZI,0,0,0.0,1,57,,
4,04_APRILE,57.01,,SERVIZI PER LA PRODUZIONE,0,0,0.0,2,57,57.01,
4,04_APRILE,57.01.51,,Altri servizi per la produzione,0,0,0.0,3,57,57.01,57.01.51
4,04_APRILE,57.01.51.90,,Altre spese per servizi,0,0,0.0,4,57,57.01,57.01.51
4,04_APRILE,57.01.51.91,,Costo per noleggio biancheria,0,0,0.0,4,57,57.01,57.01.51
4,04_APRILE,57.09,,COSTI PER UTENZE,0,0,0.0,2,57,57.09,
4,04_APRILE,57.09.01,,Spese telefoniche ordinarie,0,0,0.0,3,57,57.09,57.09.01
4,04_APRILE,57.09.01.01,,Spese telefoniche ordinarie,0,0,0.0,4,57,57.09,57.09.01
4,04_APRILE,57.09.13,,Energia elettrica,0,0,0.0,3,57,57.09,57.09.13
4,04_APRILE,57.09.13.01,,Energia elettrica,0,0,0.0,4,57,57.09,57.09.13
4,04_APRILE,57.09.90,,Spese di sanificazione,0,0,0.0,3,57,57.09,57.09.90
4,04_APRILE,57.11,,MANUTENZIONI MACCHINARI E ATTREZZATURE,0,0,0.0,2,57,57.11,
4,04_APRILE,57.11.07,,Altre spese manutenzione beni propri,0,0,0.0,3,57,57.11,57.11.07
4,04_APRILE,57.11.07.90,,Altre spese manutenzione beni di terzi,0,0,0.0,4,57,57.11,57.11.07
4,04_APRILE,61,,PRESTAZIONI DI LAVORO NON DIPENDENTE,0,0,0.0,1,61,,
4,04_APRILE,61.01,,PRESTAZIONI DI LAVORO AUTONOMO,0,0,0.0,2,61,61.01,
4,04_APRILE,61.01.01,,Consulenze amministrative e fiscali,0,0,0.0,3,61,61.01,61.01.01
4,04_APRILE,61.01.01.03,,Consulenze ammin.e fiscali (ordinarie),0,0,0.0,4,61,61.01,61.01.01
4,04_APRILE,61.01.01.91,,Consulenze del lavoro (ordinarie),0,0,0.0,4,61,61.01,61.01.01
4,04_APRILE,61.01.90,,Spese legali,0,0,0.0,3,61,61.01,61.01.90
4,04_APRILE,63,,"SPESE AMMIN.,COMM. E DI RAPPRESENTANZA",0,0,0.0,1,63,,
4,04_APRILE,63.01,,SPESE COMMERCIALI E DI VIAGGIO,0,0,0.0,2,63,63.01,
4,04_APRILE,63.01.09,,Spese per alberghi e ristoranti,0,0,0.0,3,63,63.01,63.01.09
4,04_APRILE,63.01.09.11,,Spese alberghi e ristor.deducibili,0,0,0.0,4,63,63.01,63.01.09
4,04_APRILE,63.01.13,,Spese di viaggio,0,0,0.0,3,63,63.01,63.01.13
4,04_APRILE,63.05,,SPESE AMMINISTRATIVE E GENERALI,0,0,0.0,2,63,63.05,
4,04_APRILE,63.05.11,,Altre spese amministrative,0,0,0.0,3,63,63.05,63.05.11
4,04_APRILE,65,,COSTI PER GODIMENTO BENI DI TERZI,0,0,0.0,1,65,,
4,04_APRILE,65.07,,CANONI E LICENZE SOFTWARE,0,0,0.0,2,65,65.07,
4,04_APRILE,65.07.01,,Canoni per utilizzo licenze software,0,0,0.0,3,65,65.07,65.07.01
4,04_APRILE,65.90,,SOFTWARE E SERVIZI WEB,0,0,0.0,2,65,65.90,
4,04_APRILE,65.90.07,,Software per la Gestione Pag. digitali,0,0,0.0,3,65,65.90,65.90.07
4,04_APRILE,65.90.09,,Mail e Pec,0,0,0.0,3,65,65.90,65.90.09
4,04_APRILE,67,,COSTI PERSONALE DIPENDENTE,0,0,0.0,1,67,,
4,04_APRILE,67.01,,COSTI PERSONALE DIPENDENTE,0,0,0.0,2,67,67.01,
4,04_APRILE,67.01.01,,Retribuzioni lorde,0,0,0.0,3,67,67.01,67.01.01
4,04_APRILE,67.01.01.01,,Retribuzioni lorde dipendenti ordinari,0,0,0.0,4,67,67.01,67.01.01
4,04_APRILE,71,,ONERI DIVERSI DI GESTIONE,0,0,0.0,1,71,,
4,04_APRILE,71.01,,ONERI TRIBUTARI,0,0,0.0,2,71,71.01,
4,04_APRILE,71.01.13,,Tassa raccolta e smaltimento rifiuti,0,0,0.0,3,71,71.01,71.01.13
4,04_APRILE,71.01.91,,Imposta di registro,0,0,0.0,3,71,71.01,71.01.91
4,04_APRILE,71.03,,ALTRI COSTI DI ESERCIZIO,0,0,0.0,2,71,71.03,
4,04_APRILE,71.03.11,,"Abbonamenti, libri e pubblicazioni",0,0,0.0,3,71,71.03,71.03.11
4,04_APRILE,75,,ONERI FINANZIARI,0,0,0.0,1,75,,
4,04_APRILE,75.01,,ONERI FINANZIARI VERSO BANCHE,0,0,0.0,2,75,75.01,
4,04_APRILE,75.01.07,,Commissioni e spese bancarie,0,0,0.0,3,75,75.01,75.01.07
4,04_APRILE,75.01.91,,Costo per bonifici verso altre banche,0,0,0.0,3,75,75.01,75.01.91
4,04_APRILE,75.01.92,,Costi per addebito SEPA,0,0,0.0,3,75,75.01,75.01.92
4,04_APRILE,75.01.95,,Commissioni su transato POS,0,0,0.0,3,75,75.01,75.01.95
4,04_APRILE,75.01.97,,Imposta di bollo c\c,0,0,0.0,3,75,75.01,75.01.97
4,04_APRILE,75.03,,ONERI FINANZIARI DIVERSI,0,0,0.0,2,75,75.03,
4,04_APRILE,75.03.05,,Interessi passivi su mutui,0,0,0.0,3,75,75.03,75.03.05
5,05_MAGGIO,15,,CREDITI VARI,0,0,0.0,1,15,,
5,05_MAGGIO,15.05,,CREDITI VARI V/TERZI,0,0,0.0,2,15,15.05,
5,05_MAGGIO,15.05.91,,Crediti v/soci,0,0,0.0,3,15,15.05,15.05.91
5,05_MAGGIO,19,,DISPONIBILITA' LIQUIDE,0,0,0.0,1,19,,
5,05_MAGGIO,19,,DISPONIBILITA' LIQUIDE,0,0,0.0,1,19,,
5,05_MAGGIO,19.01,,BANCHE C/C E POSTA C/C,0,0,0.0,2,19,19.01,
5,05_MAGGIO,19.01,,BANCHE C/C E POSTA C/C,0,0,0.0,2,19,19.01,
5,05_MAGGIO,19.01.01,B,Banca c/c,0,0,0.0,3,19,19.01,19.01.01
5,05_MAGGIO,19.01.01,B,Banca c/c,0,0,0.0,3,19,19.01,19.01.01
5,05_MAGGIO,19.03,,CASSA,0,0,0.0,2,19,19.03,
5,05_MAGGIO,19.03.03,,Cassa contanti,0,0,0.0,3,19,19.03,19.03.03
5,05_MAGGIO,19.90,,TRANSITO POS,0,0,0.0,2,19,19.90,
5,05_MAGGIO,19.90.05,,POS BEACH_T,0,0,0.0,3,19,19.90,19.90.05
5,05_MAGGIO,31,,FINANZIAMENTI DI TERZI,0,0,0.0,1,31,,
5,05_MAGGIO,31.03,,MUTUI E FINANZIAMENTI,0,0,0.0,2,31,31.03,
5,05_MAGGIO,31.03.05,,Finanz.a medio/lungo termine bancari,0,0,0.0,3,31,31.03,31.03.05
5,05_MAGGIO,31.03.92,,MUTUO BANCA INTESA SANPAOLO,0,0,0.0,3,31,31.03,31.03.92
5,05_MAGGIO,33,,DEBITI COMMERCIALI,0,0,0.0,1,33,,
5,05_MAGGIO,33.03,,FORNITORI,0,0,0.0,2,33,33.03,
5,05_MAGGIO,33.03.01,F,Fornitori terzi Italia,0,0,0.0,3,33,33.03,33.03.01
5,05_MAGGIO,33.03.03,F,Fornitori terzi Estero,0,0,0.0,3,33,33.03,33.03.03
5,05_MAGGIO,35,,CONTI ERARIALI,0,0,0.0,1,35,,
5,05_MAGGIO,35,,CONTI ERARIALI,0,0,0.0,1,35,,
5,05_MAGGIO,35.01,,ERARIO C/IVA,0,0,0.0,2,35,35.01,
5,05_MAGGIO,35.01.01,,IVA su acquisti,0,0,0.0,3,35,35.01,35.01.01
5,05_MAGGIO,35.01.03,,IVA su vendite,0,0,0.0,3,35,35.01,35.01.03
5,05_MAGGIO,35.01.05,,IVA su corrispettivi,0,0,0.0,3,35,35.01,35.01.05
5,05_MAGGIO,35.03,,ERARIO C/SOSTITUTO D'IMPOSTA,0,0,0.0,2,35,35.03,
5,05_MAGGIO,35.03.01,,Erario c/riten.su redd.lav.dipend.e ass.,0,0,0.0,3,35,35.03,35.03.01
5,05_MAGGIO,35.03.05,,"Erario c/rit.redd.lav.aut.,agenti,rappr.",0,0,0.0,3,35,35.03,35.03.05
5,05_MAGGIO,35.03.17,,Addizionale regionale,0,0,0.0,3,35,35.03,35.03.17
5,05_MAGGIO,35.03.19,,Addizionale comunale,0,0,0.0,3,35,35.03,35.03.19
5,05_MAGGIO,37,,ENTI PREVIDENZIALI,0,0,0.0,1,37,,
5,05_MAGGIO,37.01,,ENTI PREVIDENZIALI,0,0,0.0,2,37,37.01,
5,05_MAGGIO,37.01.01,,INPS dipendenti,0,0,0.0,3,37,37.01,37.01.01
5,05_MAGGIO,37.01.03,,INPS collaboratori,0,0,0.0,3,37,37.01,37.01.03
5,05_MAGGIO,39,,ALTRI DEBITI,0,0,0.0,1,39,,
5,05_MAGGIO,39.05,,DEBITI VARI,0,0,0.0,2,39,39.05,
5,05_MAGGIO,39.05.21,,Debiti per caparre confirmatorie,0,0,0.0,3,39,39.05,39.05.21
5,05_MAGGIO,39.05.94,,Tassa di soggiorno Dependance,0,0,0.0,3,39,39.05,39.05.94
5,05_MAGGIO,45,,RATEI E RISCONTI PASSIVI,0,0,0.0,1,45,,
5,05_MAGGIO,45.01,,RATEI E RISCONTI PASSIVI,0,0,0.0,2,45,45.01,
5,05_MAGGIO,45.01.01,,Ratei passivi,0,0,0.0,3,45,45.01,45.01.01
5,05_MAGGIO,47,,RICAVI DELLE VENDITE E DELLE PRESTAZIONI,0,0,0.0,1,47,,
5,05_MAGGIO,47.94,,Ricavi spiaggia,0,0,0.0,2,47,47.94,
5,05_MAGGIO,47.94.09,,Ricavi spiaggia,0,0,0.0,3,47,47.94,47.94.09
5,05_MAGGIO,47.95,,Ricavi per affitti,0,0,0.0,2,47,47.95,
5,05_MAGGIO,47.95.01,,Ricavi farmacia,0,0,0.0,3,47,47.95,47.95.01
5,05_MAGGIO,53,,ALTRI RICAVI E PROVENTI,0,0,0.0,1,53,,
5,05_MAGGIO,53.01,,PROVENTI DIVERSI,0,0,0.0,2,53,53.01,
5,05_MAGGIO,53.01.29,,Arrotondamenti attivi diversi,0,0,0.0,3,53,53.01,53.01.29
5,05_MAGGIO,55,,ACQUISTI DI BENI,0,0,0.0,1,55,,
5,05_MAGGIO,55.01,,ACQ. PER PRODUZ.DI BENI E PER RIVENDITA,0,0,0.0,2,55,55.01,
5,05_MAGGIO,55.01.17,,Acquisti materiali vari,0,0,0.0,3,55,55.01,55.01.17
5,05_MAGGIO,55.01.90,,Acquisti materie prime Food,0,0,0.0,3,55,55.01,55.01.90
5,05_MAGGIO,55.03,,ACQUISTI PER LA PRODUZIONE DI SERVIZI,0,0,0.0,2,55,55.03,
5,05_MAGGIO,55.03.03,,Acq.materiali di consumo (att.servizi),0,0,0.0,3,55,55.03,55.03.03
5,05_MAGGIO,55.07,,ACQUISTI DIVERSI,0,0,0.0,2,55,55.07,
5,05_MAGGIO,55.07.01,,"Acquisto beni strumentali inf.516,46",0,0,0.0,3,55,55.07,55.07.01
5,05_MAGGIO,55.07.01.01,,"Acquisto beni strument.inf.516,46 ded.",0,0,0.0,4,55,55.07,55.07.01
5,05_MAGGIO,55.07.11,S,Materiali manutenz.impianti e macchinari,0,0,0.0,3,55,55.07,55.07.11
5,05_MAGGIO,55.07.13,,Materiali manutenzioni diverse,0,0,0.0,3,55,55.07,55.07.13
5,05_MAGGIO,57,,ACQUISTI DI SERVIZI,0,0,0.0,1,57,,
5,05_MAGGIO,57.01,,SERVIZI PER LA PRODUZIONE,0,0,0.0,2,57,57.01,
5,05_MAGGIO,57.01.51,,Altri servizi per la produzione,0,0,0.0,3,57,57.01,57.01.51
5,05_MAGGIO,57.01.51.03,,Acq.servizi diversi (attiv.di servizi),0,0,0.0,4,57,57.01,57.01.51
5,05_MAGGIO,57.09,,COSTI PER UTENZE,0,0,0.0,2,57,57.09,
5,05_MAGGIO,57.09.13,,Energia elettrica,0,0,0.0,3,57,57.09,57.09.13
5,05_MAGGIO,57.09.13.01,,Energia elettrica,0,0,0.0,4,57,57.09,57.09.13
5,05_MAGGIO,57.09.17,,Acqua potabile,0,0,0.0,3,57,57.09,57.09.17
5,05_MAGGIO,57.09.19,,Gas,0,0,0.0,3,57,57.09,57.09.19
5,05_MAGGIO,57.11,,MANUTENZIONI MACCHINARI E ATTREZZATURE,0,0,0.0,2,57,57.11,
5,05_MAGGIO,57.11.01,S,Spese manut.impianti e macchin.propri,0,0,0.0,3,57,57.11,57.11.01
5,05_MAGGIO,57.11.07,,Altre spese manutenzione beni propri,0,0,0.0,3,57,57.11,57.11.07
5,05_MAGGIO,57.11.07.01,,Altre spese manutenzione beni propri,0,0,0.0,4,57,57.11,57.11.07
5,05_MAGGIO,59,,GESTIONE VEICOLI AZIENDALI,0,0,0.0,1,59,,
5,05_MAGGIO,59.01,,ESERCIZIO AUTOMEZZI,0,0,0.0,2,59,59.01,
5,05_MAGGIO,59.01.25,,Servizi generali vari automezzi,0,0,0.0,3,59,59.01,59.01.25
5,05_MAGGIO,61,,PRESTAZIONI DI LAVORO NON DIPENDENTE,0,0,0.0,1,61,,
5,05_MAGGIO,61.01,,PRESTAZIONI DI LAVORO AUTONOMO,0,0,0.0,2,61,61.01,
5,05_MAGGIO,61.01.01,,Consulenze amministrative e fiscali,0,0,0.0,3,61,61.01,61.01.01
5,05_MAGGIO,61.01.01.03,,Consulenze ammin.e fiscali (ordinarie),0,0,0.0,4,61,61.01,61.01.01
5,05_MAGGIO,61.01.07,,Consulenze notarili,0,0,0.0,3,61,61.01,61.01.07
5,05_MAGGIO,61.01.09,,Consulenze marketing e pubblicitarie,0,0,0.0,3,61,61.01,61.01.09
5,05_MAGGIO,61.01.90,,Spese legali,0,0,0.0,3,61,61.01,61.01.90
5,05_MAGGIO,63,,"SPESE AMMIN.,COMM. E DI RAPPRESENTANZA",0,0,0.0,1,63,,
5,05_MAGGIO,63.05,,SPESE AMMINISTRATIVE E GENERALI,0,0,0.0,2,63,63.05,
5,05_MAGGIO,63.05.11,,Altre spese amministrative,0,0,0.0,3,63,63.05,63.05.11
5,05_MAGGIO,63.05.15,,Premi di assicurazioni obbligatorie,0,0,0.0,3,63,63.05,63.05.15
5,05_MAGGIO,63.05.90,,Canone noleggio fotocopiatrici,0,0,0.0,3,63,63.05,63.05.90
5,05_MAGGIO,65,,COSTI PER GODIMENTO BENI DI TERZI,0,0,0.0,1,65,,
5,05_MAGGIO,65.07,,CANONI E LICENZE SOFTWARE,0,0,0.0,2,65,65.07,
5,05_MAGGIO,65.07.01,,Canoni per utilizzo licenze software,0,0,0.0,3,65,65.07,65.07.01
5,05_MAGGIO,65.90,,SOFTWARE E SERVIZI WEB,0,0,0.0,2,65,65.90,
5,05_MAGGIO,65.90.08,,Domini e Hosting,0,0,0.0,3,65,65.90,65.90.08
5,05_MAGGIO,65.90.09,,Mail e Pec,0,0,0.0,3,65,65.90,65.90.09
5,05_MAGGIO,67,,COSTI PERSONALE DIPENDENTE,0,0,0.0,1,67,,
5,05_MAGGIO,67.01,,COSTI PERSONALE DIPENDENTE,0,0,0.0,2,67,67.01,
5,05_MAGGIO,67.01.01,,Retribuzioni lorde,0,0,0.0,3,67,67.01,67.01.01
5,05_MAGGIO,67.01.01.01,,Retribuzioni lorde dipendenti ordinari,0,0,0.0,4,67,67.01,67.01.01
5,05_MAGGIO,67.01.11,,Premi INAIL,0,0,0.0,3,67,67.01,67.01.11
5,05_MAGGIO,71,,ONERI DIVERSI DI GESTIONE,0,0,0.0,1,71,,
5,05_MAGGIO,71.03,,ALTRI COSTI DI ESERCIZIO,0,0,0.0,2,71,71.03,
5,05_MAGGIO,71.03.11,,"Abbonamenti, libri e pubblicazioni",0,0,0.0,3,71,71.03,71.03.11
5,05_MAGGIO,75,,ONERI FINANZIARI,0,0,0.0,1,75,,
5,05_MAGGIO,75.01,,ONERI FINANZIARI VERSO BANCHE,0,0,0.0,2,75,75.01,
5,05_MAGGIO,75.01.07,,Commissioni e spese bancarie,0,0,0.0,3,75,75.01,75.01.07
5,05_MAGGIO,75.01.91,,Costo per bonifici verso altre banche,0,0,0.0,3,75,75.01,75.01.91
5,05_MAGGIO,75.01.92,,Costi per addebito SEPA,0,0,0.0,3,75,75.01,75.01.92
5,05_MAGGIO,75.03,,ONERI FINANZIARI DIVERSI,0,0,0.0,2,75,75.03,
5,05_MAGGIO,75.03.05,,Interessi passivi su mutui,0,0,0.0,3,75,75.03,75.03.05
6,06_GIUGNO,11,,CREDITI COMMERCIALI,0,0,0.0,1,11,,
6,06_GIUGNO,11.03,,CLIENTI,0,0,0.0,2,11,11.03,
6,06_GIUGNO,11.03.01,C,Clienti terzi Italia,0,0,0.0,3,11,11.03,11.03.01
6,06_GIUGNO,15,,CREDITI VARI,0,0,0.0,1,15,,
6,06_GIUGNO,15.01,,ANTICIPI A FORNITORI,0,0,0.0,2,15,15.01,
6,06_GIUGNO,15.01.07,F,Anticipi a fornitori terzi,0,0,0.0,3,15,15.01,15.01.07
6,06_GIUGNO,15.05,,CREDITI VARI V/TERZI,0,0,0.0,2,15,15.05,
6,06_GIUGNO,15.05.91,,Crediti v/soci,0,0,0.0,3,15,15.05,15.05.91
6,06_GIUGNO,19,,DISPONIBILITA' LIQUIDE,0,0,0.0,1,19,,
6,06_GIUGNO,19,,DISPONIBILITA' LIQUIDE,0,0,0.0,1,19,,
6,06_GIUGNO,19.01,,BANCHE C/C E POSTA C/C,0,0,0.0,2,19,19.01,
6,06_GIUGNO,19.01,,BANCHE C/C E POSTA C/C,0,0,0.0,2,19,19.01,
6,06_GIUGNO,19.01.01,B,Banca c/c,0,0,0.0,3,19,19.01,19.01.01
6,06_GIUGNO,19.01.01,B,Banca c/c,0,0,0.0,3,19,19.01,19.01.01
6,06_GIUGNO,19.03,,CASSA,0,0,0.0,2,19,19.03,
6,06_GIUGNO,19.03.03,,Cassa contanti,0,0,0.0,3,19,19.03,19.03.03
6,06_GIUGNO,19.90,,TRANSITO POS,0,0,0.0,2,19,19.90,
6,06_GIUGNO,19.90.04,,NEXI BEACH_T,0,0,0.0,3,19,19.90,19.90.04
6,06_GIUGNO,19.90.05,,POS BEACH_T,0,0,0.0,3,19,19.90,19.90.05
6,06_GIUGNO,19.90.07,,BONIFICO,0,0,0.0,3,19,19.90,19.90.07
6,06_GIUGNO,31,,FINANZIAMENTI DI TERZI,0,0,0.0,1,31,,
6,06_GIUGNO,31.03,,MUTUI E FINANZIAMENTI,0,0,0.0,2,31,31.03,
6,06_GIUGNO,31.03.05,,Finanz.a medio/lungo termine bancari,0,0,0.0,3,31,31.03,31.03.05
6,06_GIUGNO,31.03.92,,MUTUO BANCA INTESA SANPAOLO,0,0,0.0,3,31,31.03,31.03.92
6,06_GIUGNO,33,,DEBITI COMMERCIALI,0,0,0.0,1,33,,
6,06_GIUGNO,33.03,,FORNITORI,0,0,0.0,2,33,33.03,
6,06_GIUGNO,33.03.01,F,Fornitori terzi Italia,0,0,0.0,3,33,33.03,33.03.01
6,06_GIUGNO,33.03.03,F,Fornitori terzi Estero,0,0,0.0,3,33,33.03,33.03.03
6,06_GIUGNO,35,,CONTI ERARIALI,0,0,0.0,1,35,,
6,06_GIUGNO,35,,CONTI ERARIALI,0,0,0.0,1,35,,
6,06_GIUGNO,35.01,,ERARIO C/IVA,0,0,0.0,2,35,35.01,
6,06_GIUGNO,35.01,,ERARIO C/IVA,0,0,0.0,2,35,35.01,
6,06_GIUGNO,35.01.01,,IVA su acquisti,0,0,0.0,3,35,35.01,35.01.01
6,06_GIUGNO,35.01.03,,IVA su vendite,0,0,0.0,3,35,35.01,35.01.03
6,06_GIUGNO,35.01.05,,IVA su corrispettivi,0,0,0.0,3,35,35.01,35.01.05
6,06_GIUGNO,35.03,,ERARIO C/SOSTITUTO D'IMPOSTA,0,0,0.0,2,35,35.03,
6,06_GIUGNO,35.03.01,,Erario c/riten.su redd.lav.dipend.e ass.,0,0,0.0,3,35,35.03,35.03.01
6,06_GIUGNO,35.03.17,,Addizionale regionale,0,0,0.0,3,35,35.03,35.03.17
6,06_GIUGNO,35.03.19,,Addizionale comunale,0,0,0.0,3,35,35.03,35.03.19
6,06_GIUGNO,35.07,,ERARIO C/IMPOSTE,0,0,0.0,2,35,35.07,
6,06_GIUGNO,35.07.09,,Erario c/imposte sostitutive,0,0,0.0,3,35,35.07,35.07.09
6,06_GIUGNO,37,,ENTI PREVIDENZIALI,0,0,0.0,1,37,,
6,06_GIUGNO,37.01,,ENTI PREVIDENZIALI,0,0,0.0,2,37,37.01,
6,06_GIUGNO,37.01.01,,INPS dipendenti,0,0,0.0,3,37,37.01,37.01.01
6,06_GIUGNO,37.01.03,,INPS collaboratori,0,0,0.0,3,37,37.01,37.01.03
6,06_GIUGNO,39,,ALTRI DEBITI,0,0,0.0,1,39,,
6,06_GIUGNO,39.05,,DEBITI VARI,0,0,0.0,2,39,39.05,
6,06_GIUGNO,39.05.21,,Debiti per caparre confirmatorie,0,0,0.0,3,39,39.05,39.05.21
6,06_GIUGNO,39.05.51,,Debiti diversi verso terzi,0,0,0.0,3,39,39.05,39.05.51
6,06_GIUGNO,45,,RATEI E RISCONTI PASSIVI,0,0,0.0,1,45,,
6,06_GIUGNO,45.01,,RATEI E RISCONTI PASSIVI,0,0,0.0,2,45,45.01,
6,06_GIUGNO,45.01.01,,Ratei passivi,0,0,0.0,3,45,45.01,45.01.01
6,06_GIUGNO,47,,RICAVI DELLE VENDITE E DELLE PRESTAZIONI,0,0,0.0,1,47,,
6,06_GIUGNO,47.94,,Ricavi spiaggia,0,0,0.0,2,47,47.94,
6,06_GIUGNO,47.94.09,,Ricavi spiaggia,0,0,0.0,3,47,47.94,47.94.09
6,06_GIUGNO,47.95,,Ricavi per affitti,0,0,0.0,2,47,47.95,
6,06_GIUGNO,47.95.01,,Ricavi farmacia,0,0,0.0,3,47,47.95,47.95.01
6,06_GIUGNO,53,,ALTRI RICAVI E PROVENTI,0,0,0.0,1,53,,
6,06_GIUGNO,53.01,,PROVENTI DIVERSI,0,0,0.0,2,53,53.01,
6,06_GIUGNO,53.01.29,,Arrotondamenti attivi diversi,0,0,0.0,3,53,53.01,53.01.29
6,06_GIUGNO,55,,ACQUISTI DI BENI,0,0,0.0,1,55,,
6,06_GIUGNO,55.01,,ACQ. PER PRODUZ.DI BENI E PER RIVENDITA,0,0,0.0,2,55,55.01,
6,06_GIUGNO,55.01.90,,Acquisti materie prime Food,0,0,0.0,3,55,55.01,55.01.90
6,06_GIUGNO,55.03,,ACQUISTI PER LA PRODUZIONE DI SERVIZI,0,0,0.0,2,55,55.03,
6,06_GIUGNO,55.03.03,,Acq.materiali di consumo (att.servizi),0,0,0.0,3,55,55.03,55.03.03
6,06_GIUGNO,55.05,,VARIAZIONI ATTIVE SU ACQUISTI,0,0,0.0,2,55,55.05,
6,06_GIUGNO,55.05.03,,Abbuoni e arrotond.attivi su acquisti,0,0,0.0,3,55,55.05,55.05.03
6,06_GIUGNO,55.05.03.01,,Abb.e arrotond.attivi su acquisti,0,0,0.0,4,55,55.05,55.05.03
6,06_GIUGNO,57,,ACQUISTI DI SERVIZI,0,0,0.0,1,57,,
6,06_GIUGNO,57.01,,SERVIZI PER LA PRODUZIONE,0,0,0.0,2,57,57.01,
6,06_GIUGNO,57.01.51,,Altri servizi per la produzione,0,0,0.0,3,57,57.01,57.01.51
6,06_GIUGNO,57.01.51.01,,Altri servizi per la produzione,0,0,0.0,4,57,57.01,57.01.51
6,06_GIUGNO,57.01.51.95,,Commissioni Spiagge/Stripe,0,0,0.0,4,57,57.01,57.01.51
6,06_GIUGNO,57.09,,COSTI PER UTENZE,0,0,0.0,2,57,57.09,
6,06_GIUGNO,57.09.01,,Spese telefoniche ordinarie,0,0,0.0,3,57,57.09,57.09.01
6,06_GIUGNO,57.09.01.01,,Spese telefoniche ordinarie,0,0,0.0,4,57,57.09,57.09.01
6,06_GIUGNO,57.09.13,,Energia elettrica,0,0,0.0,3,57,57.09,57.09.13
6,06_GIUGNO,57.09.13.01,,Energia elettrica,0,0,0.0,4,57,57.09,57.09.13
6,06_GIUGNO,61,,PRESTAZIONI DI LAVORO NON DIPENDENTE,0,0,0.0,1,61,,
6,06_GIUGNO,61.01,,PRESTAZIONI DI LAVORO AUTONOMO,0,0,0.0,2,61,61.01,
6,06_GIUGNO,61.01.01,,Consulenze amministrative e fiscali,0,0,0.0,3,61,61.01,61.01.01
6,06_GIUGNO,61.01.01.91,,Consulenze del lavoro (ordinarie),0,0,0.0,4,61,61.01,61.01.01
6,06_GIUGNO,61.01.03,,Consulenze tecniche,0,0,0.0,3,61,61.01,61.01.03
6,06_GIUGNO,61.05,,COMPENSI ORGANI SOCIALI,0,0,0.0,2,61,61.05,
6,06_GIUGNO,61.05.13,,Compensi revisori,0,0,0.0,3,61,61.05,61.05.13
6,06_GIUGNO,61.05.13.01,,Compensi revisori professionisti,0,0,0.0,4,61,61.05,61.05.13
6,06_GIUGNO,63,,"SPESE AMMIN.,COMM. E DI RAPPRESENTANZA",0,0,0.0,1,63,,
6,06_GIUGNO,63.01,,SPESE COMMERCIALI E DI VIAGGIO,0,0,0.0,2,63,63.01,
6,06_GIUGNO,63.01.09,,Spese per alberghi e ristoranti,0,0,0.0,3,63,63.01,63.01.09
6,06_GIUGNO,63.01.09.11,,Spese alberghi e ristor.deducibili,0,0,0.0,4,63,63.01,63.01.09
6,06_GIUGNO,63.01.13,,Spese di viaggio,0,0,0.0,3,63,63.01,63.01.13
6,06_GIUGNO,63.05,,SPESE AMMINISTRATIVE E GENERALI,0,0,0.0,2,63,63.05,
6,06_GIUGNO,63.05.11,,Altre spese amministrative,0,0,0.0,3,63,63.05,63.05.11
6,06_GIUGNO,65,,COSTI PER GODIMENTO BENI DI TERZI,0,0,0.0,1,65,,
6,06_GIUGNO,65.05,,LOCAZIONI E CANONI IMPIANTI E ATTREZZ.,0,0,0.0,2,65,65.05,
6,06_GIUGNO,65.05.15,,Canoni noleggio attrezzature,0,0,0.0,3,65,65.05,65.05.15
6,06_GIUGNO,65.07,,CANONI E LICENZE SOFTWARE,0,0,0.0,2,65,65.07,
6,06_GIUGNO,65.07.01,,Canoni per utilizzo licenze software,0,0,0.0,3,65,65.07,65.07.01
6,06_GIUGNO,65.90,,SOFTWARE E SERVIZI WEB,0,0,0.0,2,65,65.90,
6,06_GIUGNO,65.90.08,,Domini e Hosting,0,0,0.0,3,65,65.90,65.90.08
6,06_GIUGNO,65.90.09,,Mail e Pec,0,0,0.0,3,65,65.90,65.90.09
6,06_GIUGNO,67,,COSTI PERSONALE DIPENDENTE,0,0,0.0,1,67,,
6,06_GIUGNO,67.01,,COSTI PERSONALE DIPENDENTE,0,0,0.0,2,67,67.01,
6,06_GIUGNO,67.01.01,,Retribuzioni lorde,0,0,0.0,3,67,67.01,67.01.01
6,06_GIUGNO,67.01.01.01,,Retribuzioni lorde dipendenti ordinari,0,0,0.0,4,67,67.01,67.01.01
6,06_GIUGNO,71,,ONERI DIVERSI DI GESTIONE,0,0,0.0,1,71,,
6,06_GIUGNO,71.01,,ONERI TRIBUTARI,0,0,0.0,2,71,71.01,
6,06_GIUGNO,71.01.04,,IMU,0,0,0.0,3,71,71.01,71.01.04
6,06_GIUGNO,71.01.91,,Imposta di registro,0,0,0.0,3,71,71.01,71.01.91
6,06_GIUGNO,71.03,,ALTRI COSTI DI ESERCIZIO,0,0,0.0,2,71,71.03,
6,06_GIUGNO,71.03.03,,"Sanzioni, penalità e multe",0,0,0.0,3,71,71.03,71.03.03
6,06_GIUGNO,71.03.11,,"Abbonamenti, libri e pubblicazioni",0,0,0.0,3,71,71.03,71.03.11
6,06_GIUGNO,71.03.17,,Arrotondamenti passivi diversi,0,0,0.0,3,71,71.03,71.03.17
6,06_GIUGNO,75,,ONERI FINANZIARI,0,0,0.0,1,75,,
6,06_GIUGNO,75.01,,ONERI FINANZIARI VERSO BANCHE,0,0,0.0,2,75,75.01,
6,06_GIUGNO,75.01.07,,Commissioni e spese bancarie,0,0,0.0,3,75,75.01,75.01.07
6,06_GIUGNO,75.01.90,,Commissioni Nexi,0,0,0.0,3,75,75.01,75.01.90
6,06_GIUGNO,75.01.91,,Costo per bonifici verso altre banche,0,0,0.0,3,75,75.01,75.01.91
6,06_GIUGNO,75.01.92,,Costi per addebito SEPA,0,0,0.0,3,75,75.01,75.01.92
6,06_GIUGNO,75.01.95,,Commissioni su transato POS,0,0,0.0,3,75,75.01,75.01.95
6,06_GIUGNO,75.03,,ONERI FINANZIARI DIVERSI,0,0,0.0,2,75,75.03,
6,06_GIUGNO,75.03.05,,Interessi passivi su mutui,0,0,0.0,3,75,75.03,75.03.05
6,06_GIUGNO,75.03.09,,Interessi passivi su finanziam. di terzi,0,0,0.0,3,75,75.03,75.03.09
7,07_LUGLIO,11,,CREDITI COMMERCIALI,0,0,0.0,1,11,,
7,07_LUGLIO,11.03,,CLIENTI,0,0,0.0,2,11,11.03,
7,07_LUGLIO,11.03.01,C,Clienti terzi Italia,0,0,0.0,3,11,11.03,11.03.01
7,07_LUGLIO,15,,CREDITI VARI,0,0,0.0,1,15,,
7,07_LUGLIO,15.01,,ANTICIPI A FORNITORI,0,0,0.0,2,15,15.01,
7,07_LUGLIO,15.01.07,F,Anticipi a fornitori terzi,0,0,0.0,3,15,15.01,15.01.07
7,07_LUGLIO,15.05,,CREDITI VARI V/TERZI,0,0,0.0,2,15,15.05,
7,07_LUGLIO,15.05.91,,Crediti v/soci,0,0,0.0,3,15,15.05,15.05.91
7,07_LUGLIO,19,,DISPONIBILITA' LIQUIDE,0,0,0.0,1,19,,
7,07_LUGLIO,19,,DISPONIBILITA' LIQUIDE,0,0,0.0,1,19,,
7,07_LUGLIO,19.01,,BANCHE C/C E POSTA C/C,0,0,0.0,2,19,19.01,
7,07_LUGLIO,19.01,,BANCHE C/C E POSTA C/C,0,0,0.0,2,19,19.01,
7,07_LUGLIO,19.01.01,B,Banca c/c,0,0,0.0,3,19,19.01,19.01.01
7,07_LUGLIO,19.01.01,B,Banca c/c,0,0,0.0,3,19,19.01,19.01.01
7,07_LUGLIO,19.03,,CASSA,0,0,0.0,2,19,19.03,
7,07_LUGLIO,19.03.03,,Cassa contanti,0,0,0.0,3,19,19.03,19.03.03
7,07_LUGLIO,19.90,,TRANSITO POS,0,0,0.0,2,19,19.90,
7,07_LUGLIO,19.90.01,,POS RECEPTION_T,0,0,0.0,3,19,19.90,19.90.01
7,07_LUGLIO,19.90.04,,NEXI BEACH_T,0,0,0.0,3,19,19.90,19.90.04
7,07_LUGLIO,19.90.05,,POS BEACH_T,0,0,0.0,3,19,19.90,19.90.05
7,07_LUGLIO,19.90.07,,BONIFICO,0,0,0.0,3,19,19.90,19.90.07
7,07_LUGLIO,31,,FINANZIAMENTI DI TERZI,0,0,0.0,1,31,,
7,07_LUGLIO,31.03,,MUTUI E FINANZIAMENTI,0,0,0.0,2,31,31.03,
7,07_LUGLIO,31.03.05,,Finanz.a medio/lungo termine bancari,0,0,0.0,3,31,31.03,31.03.05
7,07_LUGLIO,31.03.06,,Finanziamenti bancari a breve termine,0,0,0.0,3,31,31.03,31.03.06
7,07_LUGLIO,31.03.92,,MUTUO BANCA INTESA SANPAOLO,0,0,0.0,3,31,31.03,31.03.92
7,07_LUGLIO,33,,DEBITI COMMERCIALI,0,0,0.0,1,33,,
7,07_LUGLIO,33.03,,FORNITORI,0,0,0.0,2,33,33.03,
7,07_LUGLIO,33.03.01,F,Fornitori terzi Italia,0,0,0.0,3,33,33.03,33.03.01
7,07_LUGLIO,33.03.03,F,Fornitori terzi Estero,0,0,0.0,3,33,33.03,33.03.03
7,07_LUGLIO,35,,CONTI ERARIALI,0,0,0.0,1,35,,
7,07_LUGLIO,35,,CONTI ERARIALI,0,0,0.0,1,35,,
7,07_LUGLIO,35.01,,ERARIO C/IVA,0,0,0.0,2,35,35.01,
7,07_LUGLIO,35.01,,ERARIO C/IVA,0,0,0.0,2,35,35.01,
7,07_LUGLIO,35.01.01,,IVA su acquisti,0,0,0.0,3,35,35.01,35.01.01
7,07_LUGLIO,35.01.03,,IVA su vendite,0,0,0.0,3,35,35.01,35.01.03
7,07_LUGLIO,35.01.05,,IVA su corrispettivi,0,0,0.0,3,35,35.01,35.01.05
7,07_LUGLIO,35.03,,ERARIO C/SOSTITUTO D'IMPOSTA,0,0,0.0,2,35,35.03,
7,07_LUGLIO,35.03,,ERARIO C/SOSTITUTO D'IMPOSTA,0,0,0.0,2,35,35.03,
7,07_LUGLIO,35.03.01,,Erario c/riten.su redd.lav.dipend.e ass.,0,0,0.0,3,35,35.03,35.03.01
7,07_LUGLIO,35.03.05,,"Erario c/rit.redd.lav.aut.,agenti,rappr.",0,0,0.0,3,35,35.03,35.03.05
7,07_LUGLIO,35.03.17,,Addizionale regionale,0,0,0.0,3,35,35.03,35.03.17
7,07_LUGLIO,35.03.19,,Addizionale comunale,0,0,0.0,3,35,35.03,35.03.19
7,07_LUGLIO,35.07,,ERARIO C/IMPOSTE,0,0,0.0,2,35,35.07,
7,07_LUGLIO,35.07.01,,Erario c/IRES,0,0,0.0,3,35,35.07,35.07.01
7,07_LUGLIO,35.07.03,,Erario c/acconti IRES,0,0,0.0,3,35,35.07,35.07.03
7,07_LUGLIO,35.07.05,,Erario c/IRAP,0,0,0.0,3,35,35.07,35.07.05
7,07_LUGLIO,35.07.07,,Erario c/acconti IRAP,0,0,0.0,3,35,35.07,35.07.07
7,07_LUGLIO,37,,ENTI PREVIDENZIALI,0,0,0.0,1,37,,
7,07_LUGLIO,37.01,,ENTI PREVIDENZIALI,0,0,0.0,2,37,37.01,
7,07_LUGLIO,37.01.01,,INPS dipendenti,0,0,0.0,3,37,37.01,37.01.01
7,07_LUGLIO,39,,ALTRI DEBITI,0,0,0.0,1,39,,
7,07_LUGLIO,39.05,,DEBITI VARI,0,0,0.0,2,39,39.05,
7,07_LUGLIO,39.05.21,,Debiti per caparre confirmatorie,0,0,0.0,3,39,39.05,39.05.21
7,07_LUGLIO,45,,RATEI E RISCONTI PASSIVI,0,0,0.0,1,45,,
7,07_LUGLIO,45.01,,RATEI E RISCONTI PASSIVI,0,0,0.0,2,45,45.01,
7,07_LUGLIO,45.01.01,,Ratei passivi,0,0,0.0,3,45,45.01,45.01.01
7,07_LUGLIO,47,,RICAVI DELLE VENDITE E DELLE PRESTAZIONI,0,0,0.0,1,47,,
7,07_LUGLIO,47.94,,Ricavi spiaggia,0,0,0.0,2,47,47.94,
7,07_LUGLIO,47.94.09,,Ricavi spiaggia,0,0,0.0,3,47,47.94,47.94.09
7,07_LUGLIO,47.95,,Ricavi per affitti,0,0,0.0,2,47,47.95,
7,07_LUGLIO,47.95.01,,Ricavi farmacia,0,0,0.0,3,47,47.95,47.95.01
7,07_LUGLIO,53,,ALTRI RICAVI E PROVENTI,0,0,0.0,1,53,,
7,07_LUGLIO,53.01,,PROVENTI DIVERSI,0,0,0.0,2,53,53.01,
7,07_LUGLIO,53.01.33,,Canoni attivi affitto ramo d'azienda,0,0,0.0,3,53,53.01,53.01.33
7,07_LUGLIO,55,,ACQUISTI DI BENI,0,0,0.0,1,55,,
7,07_LUGLIO,55.01,,ACQ. PER PRODUZ.DI BENI E PER RIVENDITA,0,0,0.0,2,55,55.01,
7,07_LUGLIO,55.01.90,,Acquisti materie prime Food,0,0,0.0,3,55,55.01,55.01.90
7,07_LUGLIO,55.03,,ACQUISTI PER LA PRODUZIONE DI SERVIZI,0,0,0.0,2,55,55.03,
7,07_LUGLIO,55.03.03,,Acq.materiali di consumo (att.servizi),0,0,0.0,3,55,55.03,55.03.03
7,07_LUGLIO,57,,ACQUISTI DI SERVIZI,0,0,0.0,1,57,,
7,07_LUGLIO,57.01,,SERVIZI PER LA PRODUZIONE,0,0,0.0,2,57,57.01,
7,07_LUGLIO,57.01.51,,Altri servizi per la produzione,0,0,0.0,3,57,57.01,57.01.51
7,07_LUGLIO,57.01.51.90,,Altre spese per servizi,0,0,0.0,4,57,57.01,57.01.51
7,07_LUGLIO,57.01.51.95,,Commissioni Spiagge/Stripe,0,0,0.0,4,57,57.01,57.01.51
7,07_LUGLIO,57.09,,COSTI PER UTENZE,0,0,0.0,2,57,57.09,
7,07_LUGLIO,57.09.13,,Energia elettrica,0,0,0.0,3,57,57.09,57.09.13
7,07_LUGLIO,57.09.13.01,,Energia elettrica,0,0,0.0,4,57,57.09,57.09.13
7,07_LUGLIO,57.09.17,,Acqua potabile,0,0,0.0,3,57,57.09,57.09.17
7,07_LUGLIO,57.11,,MANUTENZIONI MACCHINARI E ATTREZZATURE,0,0,0.0,2,57,57.11,
7,07_LUGLIO,57.11.01,S,Spese manut.impianti e macchin.propri,0,0,0.0,3,57,57.11,57.11.01
7,07_LUGLIO,61,,PRESTAZIONI DI LAVORO NON DIPENDENTE,0,0,0.0,1,61,,
7,07_LUGLIO,61.01,,PRESTAZIONI DI LAVORO AUTONOMO,0,0,0.0,2,61,61.01,
7,07_LUGLIO,61.01.01,,Consulenze amministrative e fiscali,0,0,0.0,3,61,61.01,61.01.01
7,07_LUGLIO,61.01.01.03,,Consulenze ammin.e fiscali (ordinarie),0,0,0.0,4,61,61.01,61.01.01
7,07_LUGLIO,61.01.03,,Consulenze tecniche,0,0,0.0,3,61,61.01,61.01.03
7,07_LUGLIO,61.01.90,,Spese legali,0,0,0.0,3,61,61.01,61.01.90
7,07_LUGLIO,63,,"SPESE AMMIN.,COMM. E DI RAPPRESENTANZA",0,0,0.0,1,63,,
7,07_LUGLIO,63.01,,SPESE COMMERCIALI E DI VIAGGIO,0,0,0.0,2,63,63.01,
7,07_LUGLIO,63.01.09,,Spese per alberghi e ristoranti,0,0,0.0,3,63,63.01,63.01.09
7,07_LUGLIO,63.01.09.11,,Spese alberghi e ristor.deducibili,0,0,0.0,4,63,63.01,63.01.09
7,07_LUGLIO,65,,COSTI PER GODIMENTO BENI DI TERZI,0,0,0.0,1,65,,
7,07_LUGLIO,65.07,,CANONI E LICENZE SOFTWARE,0,0,0.0,2,65,65.07,
7,07_LUGLIO,65.07.01,,Canoni per utilizzo licenze software,0,0,0.0,3,65,65.07,65.07.01
7,07_LUGLIO,65.90,,SOFTWARE E SERVIZI WEB,0,0,0.0,2,65,65.90,
7,07_LUGLIO,65.90.09,,Mail e Pec,0,0,0.0,3,65,65.90,65.90.09
7,07_LUGLIO,67,,COSTI PERSONALE DIPENDENTE,0,0,0.0,1,67,,
7,07_LUGLIO,67.01,,COSTI PERSONALE DIPENDENTE,0,0,0.0,2,67,67.01,
7,07_LUGLIO,67.01.01,,Retribuzioni lorde,0,0,0.0,3,67,67.01,67.01.01
7,07_LUGLIO,67.01.01.99,,Retribuzioni lorde,0,0,0.0,4,67,67.01,67.01.01
7,07_LUGLIO,71,,ONERI DIVERSI DI GESTIONE,0,0,0.0,1,71,,
7,07_LUGLIO,71.01,,ONERI TRIBUTARI,0,0,0.0,2,71,71.01,
7,07_LUGLIO,71.01.91,,Imposta di registro,0,0,0.0,3,71,71.01,71.01.91
7,07_LUGLIO,71.03,,ALTRI COSTI DI ESERCIZIO,0,0,0.0,2,71,71.03,
7,07_LUGLIO,71.03.11,,"Abbonamenti, libri e pubblicazioni",0,0,0.0,3,71,71.03,71.03.11
7,07_LUGLIO,75,,ONERI FINANZIARI,0,0,0.0,1,75,,
7,07_LUGLIO,75.01,,ONERI FINANZIARI VERSO BANCHE,0,0,0.0,2,75,75.01,
7,07_LUGLIO,75.01.01,,Interessi passivi bancari,0,0,0.0,3,75,75.01,75.01.01
7,07_LUGLIO,75.01.07,,Commissioni e spese bancarie,0,0,0.0,3,75,75.01,75.01.07
7,07_LUGLIO,75.01.90,,Commissioni Nexi,0,0,0.0,3,75,75.01,75.01.90
7,07_LUGLIO,75.01.91,,Costo per bonifici verso altre banche,0,0,0.0,3,75,75.01,75.01.91
7,07_LUGLIO,75.01.92,,Costi per addebito SEPA,0,0,0.0,3,75,75.01,75.01.92
7,07_LUGLIO,75.01.95,,Commissioni su transato POS,0,0,0.0,3,75,75.01,75.01.95
7,07_LUGLIO,75.01.96,,Commissione omnic. e spese tenuta conto,0,0,0.0,3,75,75.01,75.01.96
7,07_LUGLIO,75.01.97,,Imposta di bollo c\c,0,0,0.0,3,75,75.01,75.01.97
7,07_LUGLIO,75.03,,ONERI FINANZIARI DIVERSI,0,0,0.0,2,75,75.03,
7,07_LUGLIO,75.03.05,,Interessi passivi su mutui,0,0,0.0,3,75,75.03,75.03.05
7,07_LUGLIO,75.03.09,,Interessi passivi su finanziam. di terzi,0,0,0.0,3,75,75.03,75.03.09
8,08_AGOSTO,11,,CREDITI COMMERCIALI,0,0,0.0,1,11,,
8,08_AGOSTO,11.03,,CLIENTI,0,0,0.0,2,11,11.03,
8,08_AGOSTO,11.03.01,C,Clienti terzi Italia,0,0,0.0,3,11,11.03,11.03.01
8,08_AGOSTO,15,,CREDITI VARI,0,0,0.0,1,15,,
8,08_AGOSTO,15.01,,ANTICIPI A FORNITORI,0,0,0.0,2,15,15.01,
8,08_AGOSTO,15.01.07,F,Anticipi a fornitori terzi,0,0,0.0,3,15,15.01,15.01.07
8,08_AGOSTO,19,,DISPONIBILITA' LIQUIDE,0,0,0.0,1,19,,
8,08_AGOSTO,19,,DISPONIBILITA' LIQUIDE,0,0,0.0,1,19,,
8,08_AGOSTO,19.01,,BANCHE C/C E POSTA C/C,0,0,0.0,2,19,19.01,
8,08_AGOSTO,19.01,,BANCHE C/C E POSTA C/C,0,0,0.0,2,19,19.01,
8,08_AGOSTO,19.01.01,B,Banca c/c,0,0,0.0,3,19,19.01,19.01.01
8,08_AGOSTO,19.01.01,B,Banca c/c,0,0,0.0,3,19,19.01,19.01.01
8,08_AGOSTO,19.03,,CASSA,0,0,0.0,2,19,19.03,
8,08_AGOSTO,19.03.03,,Cassa contanti,0,0,0.0,3,19,19.03,19.03.03
8,08_AGOSTO,19.90,,TRANSITO POS,0,0,0.0,2,19,19.90,
8,08_AGOSTO,19.90.04,,NEXI BEACH_T,0,0,0.0,3,19,19.90,19.90.04
8,08_AGOSTO,19.90.05,,POS BEACH_T,0,0,0.0,3,19,19.90,19.90.05
8,08_AGOSTO,19.90.07,,BONIFICO,0,0,0.0,3,19,19.90,19.90.07
8,08_AGOSTO,31,,FINANZIAMENTI DI TERZI,0,0,0.0,1,31,,
8,08_AGOSTO,31.03,,MUTUI E FINANZIAMENTI,0,0,0.0,2,31,31.03,
8,08_AGOSTO,31.03.06,,Finanziamenti bancari a breve termine,0,0,0.0,3,31,31.03,31.03.06
8,08_AGOSTO,31.03.92,,MUTUO BANCA INTESA SANPAOLO,0,0,0.0,3,31,31.03,31.03.92
8,08_AGOSTO,33,,DEBITI COMMERCIALI,0,0,0.0,1,33,,
8,08_AGOSTO,33.03,,FORNITORI,0,0,0.0,2,33,33.03,
8,08_AGOSTO,33.03.01,F,Fornitori terzi Italia,0,0,0.0,3,33,33.03,33.03.01
8,08_AGOSTO,33.03.03,F,Fornitori terzi Estero,0,0,0.0,3,33,33.03,33.03.03
8,08_AGOSTO,35,,CONTI ERARIALI,0,0,0.0,1,35,,
8,08_AGOSTO,35,,CONTI ERARIALI,0,0,0.0,1,35,,
8,08_AGOSTO,35.01,,ERARIO C/IVA,0,0,0.0,2,35,35.01,
8,08_AGOSTO,35.01,,ERARIO C/IVA,0,0,0.0,2,35,35.01,
8,08_AGOSTO,35.01.01,,IVA su acquisti,0,0,0.0,3,35,35.01,35.01.01
8,08_AGOSTO,35.01.03,,IVA su vendite,0,0,0.0,3,35,35.01,35.01.03
8,08_AGOSTO,35.01.05,,IVA su corrispettivi,0,0,0.0,3,35,35.01,35.01.05
8,08_AGOSTO,35.03,,ERARIO C/SOSTITUTO D'IMPOSTA,0,0,0.0,2,35,35.03,
8,08_AGOSTO,35.03,,ERARIO C/SOSTITUTO D'IMPOSTA,0,0,0.0,2,35,35.03,
8,08_AGOSTO,35.03.01,,Erario c/riten.su redd.lav.dipend.e ass.,0,0,0.0,3,35,35.03,35.03.01
8,08_AGOSTO,35.03.05,,"Erario c/rit.redd.lav.aut.,agenti,rappr.",0,0,0.0,3,35,35.03,35.03.05
8,08_AGOSTO,35.03.17,,Addizionale regionale,0,0,0.0,3,35,35.03,35.03.17
8,08_AGOSTO,35.03.19,,Addizionale comunale,0,0,0.0,3,35,35.03,35.03.19
8,08_AGOSTO,35.07,,ERARIO C/IMPOSTE,0,0,0.0,2,35,35.07,
8,08_AGOSTO,35.07.01,,Erario c/IRES,0,0,0.0,3,35,35.07,35.07.01
8,08_AGOSTO,35.07.03,,Erario c/acconti IRES,0,0,0.0,3,35,35.07,35.07.03
8,08_AGOSTO,35.07.05,,Erario c/IRAP,0,0,0.0,3,35,35.07,35.07.05
8,08_AGOSTO,35.07.07,,Erario c/acconti IRAP,0,0,0.0,3,35,35.07,35.07.07
8,08_AGOSTO,37,,ENTI PREVIDENZIALI,0,0,0.0,1,37,,
8,08_AGOSTO,37.01,,ENTI PREVIDENZIALI,0,0,0.0,2,37,37.01,
8,08_AGOSTO,37.01.01,,INPS dipendenti,0,0,0.0,3,37,37.01,37.01.01
8,08_AGOSTO,37.01.03,,INPS collaboratori,0,0,0.0,3,37,37.01,37.01.03
8,08_AGOSTO,39,,ALTRI DEBITI,0,0,0.0,1,39,,
8,08_AGOSTO,39.05,,DEBITI VARI,0,0,0.0,2,39,39.05,
8,08_AGOSTO,39.05.21,,Debiti per caparre confirmatorie,0,0,0.0,3,39,39.05,39.05.21
8,08_AGOSTO,45,,RATEI E RISCONTI PASSIVI,0,0,0.0,1,45,,
8,08_AGOSTO,45.01,,RATEI E RISCONTI PASSIVI,0,0,0.0,2,45,45.01,
8,08_AGOSTO,45.01.01,,Ratei passivi,0,0,0.0,3,45,45.01,45.01.01
8,08_AGOSTO,47,,RICAVI DELLE VENDITE E DELLE PRESTAZIONI,0,0,0.0,1,47,,
8,08_AGOSTO,47.94,,Ricavi spiaggia,0,0,0.0,2,47,47.94,
8,08_AGOSTO,47.94.09,,Ricavi spiaggia,0,0,0.0,3,47,47.94,47.94.09
8,08_AGOSTO,47.95,,Ricavi per affitti,0,0,0.0,2,47,47.95,
8,08_AGOSTO,47.95.01,,Ricavi farmacia,0,0,0.0,3,47,47.95,47.95.01
8,08_AGOSTO,53,,ALTRI RICAVI E PROVENTI,0,0,0.0,1,53,,
8,08_AGOSTO,53.01,,PROVENTI DIVERSI,0,0,0.0,2,53,53.01,
8,08_AGOSTO,53.01.13,,Rivalsa costi diversi,0,0,0.0,3,53,53.01,53.01.13
8,08_AGOSTO,53.01.29,,Arrotondamenti attivi diversi,0,0,0.0,3,53,53.01,53.01.29
8,08_AGOSTO,55,,ACQUISTI DI BENI,0,0,0.0,1,55,,
8,08_AGOSTO,55.03,,ACQUISTI PER LA PRODUZIONE DI SERVIZI,0,0,0.0,2,55,55.03,
8,08_AGOSTO,55.03.03,,Acq.materiali di consumo (att.servizi),0,0,0.0,3,55,55.03,55.03.03
8,08_AGOSTO,55.05,,VARIAZIONI ATTIVE SU ACQUISTI,0,0,0.0,2,55,55.05,
8,08_AGOSTO,55.05.03,,Abbuoni e arrotond.attivi su acquisti,0,0,0.0,3,55,55.05,55.05.03
8,08_AGOSTO,55.05.03.01,,Abb.e arrotond.attivi su acquisti,0,0,0.0,4,55,55.05,55.05.03
8,08_AGOSTO,55.07,,ACQUISTI DIVERSI,0,0,0.0,2,55,55.07,
8,08_AGOSTO,55.07.01,,"Acquisto beni strumentali inf.516,46",0,0,0.0,3,55,55.07,55.07.01
8,08_AGOSTO,55.07.01.01,,"Acquisto beni strument.inf.516,46 ded.",0,0,0.0,4,55,55.07,55.07.01
8,08_AGOSTO,57,,ACQUISTI DI SERVIZI,0,0,0.0,1,57,,
8,08_AGOSTO,57.01,,SERVIZI PER LA PRODUZIONE,0,0,0.0,2,57,57.01,
8,08_AGOSTO,57.01.51,,Altri servizi per la produzione,0,0,0.0,3,57,57.01,57.01.51
8,08_AGOSTO,57.01.51.95,,Commissioni Spiagge/Stripe,0,0,0.0,4,57,57.01,57.01.51
8,08_AGOSTO,57.09,,COSTI PER UTENZE,0,0,0.0,2,57,57.09,
8,08_AGOSTO,57.09.01,,Spese telefoniche ordinarie,0,0,0.0,3,57,57.09,57.09.01
8,08_AGOSTO,57.09.01.01,,Spese telefoniche ordinarie,0,0,0.0,4,57,57.09,57.09.01
8,08_AGOSTO,57.09.13,,Energia elettrica,0,0,0.0,3,57,57.09,57.09.13
8,08_AGOSTO,57.09.13.01,,Energia elettrica,0,0,0.0,4,57,57.09,57.09.13
8,08_AGOSTO,61,,PRESTAZIONI DI LAVORO NON DIPENDENTE,0,0,0.0,1,61,,
8,08_AGOSTO,61.01,,PRESTAZIONI DI LAVORO AUTONOMO,0,0,0.0,2,61,61.01,
8,08_AGOSTO,61.01.01,,Consulenze amministrative e fiscali,0,0,0.0,3,61,61.01,61.01.01
8,08_AGOSTO,61.01.01.91,,Consulenze del lavoro (ordinarie),0,0,0.0,4,61,61.01,61.01.01
8,08_AGOSTO,61.01.03,,Consulenze tecniche,0,0,0.0,3,61,61.01,61.01.03
8,08_AGOSTO,61.01.09,,Consulenze marketing e pubblicitarie,0,0,0.0,3,61,61.01,61.01.09
8,08_AGOSTO,65,,COSTI PER GODIMENTO BENI DI TERZI,0,0,0.0,1,65,,
8,08_AGOSTO,65.07,,CANONI E LICENZE SOFTWARE,0,0,0.0,2,65,65.07,
8,08_AGOSTO,65.07.01,,Canoni per utilizzo licenze software,0,0,0.0,3,65,65.07,65.07.01
8,08_AGOSTO,65.90,,SOFTWARE E SERVIZI WEB,0,0,0.0,2,65,65.90,
8,08_AGOSTO,65.90.07,,Software per la Gestione Pag. digitali,0,0,0.0,3,65,65.90,65.90.07
8,08_AGOSTO,65.90.09,,Mail e Pec,0,0,0.0,3,65,65.90,65.90.09
8,08_AGOSTO,67,,COSTI PERSONALE DIPENDENTE,0,0,0.0,1,67,,
8,08_AGOSTO,67.01,,COSTI PERSONALE DIPENDENTE,0,0,0.0,2,67,67.01,
8,08_AGOSTO,67.01.01,,Retribuzioni lorde,0,0,0.0,3,67,67.01,67.01.01
8,08_AGOSTO,67.01.01.99,,Retribuzioni lorde,0,0,0.0,4,67,67.01,67.01.01
8,08_AGOSTO,67.01.11,,Premi INAIL,0,0,0.0,3,67,67.01,67.01.11
8,08_AGOSTO,71,,ONERI DIVERSI DI GESTIONE,0,0,0.0,1,71,,
8,08_AGOSTO,71.03,,ALTRI COSTI DI ESERCIZIO,0,0,0.0,2,71,71.03,
8,08_AGOSTO,71.03.11,,"Abbonamenti, libri e pubblicazioni",0,0,0.0,3,71,71.03,71.03.11
8,08_AGOSTO,71.03.17,,Arrotondamenti passivi diversi,0,0,0.0,3,71,71.03,71.03.17
8,08_AGOSTO,75,,ONERI FINANZIARI,0,0,0.0,1,75,,
8,08_AGOSTO,75.01,,ONERI FINANZIARI VERSO BANCHE,0,0,0.0,2,75,75.01,
8,08_AGOSTO,75.01.07,,Commissioni e spese bancarie,0,0,0.0,3,75,75.01,75.01.07
8,08_AGOSTO,75.01.90,,Commissioni Nexi,0,0,0.0,3,75,75.01,75.01.90
8,08_AGOSTO,75.01.91,,Costo per bonifici verso altre banche,0,0,0.0,3,75,75.01,75.01.91
8,08_AGOSTO,75.01.92,,Costi per addebito SEPA,0,0,0.0,3,75,75.01,75.01.92
8,08_AGOSTO,75.01.95,,Commissioni su transato POS,0,0,0.0,3,75,75.01,75.01.95
8,08_AGOSTO,75.03,,ONERI FINANZIARI DIVERSI,0,0,0.0,2,75,75.03,
8,08_AGOSTO,75.03.05,,Interessi passivi su mutui,0,0,0.0,3,75,75.03,75.03.05
8,08_AGOSTO,75.03.09,,Interessi passivi su finanziam. di terzi,0,0,0.0,3,75,75.03,75.03.09
8,08_AGOSTO,75.03.51,,Oneri finanziari diversi,0,0,0.0,3,75,75.03,75.03.51
9,09_SETTEMBRE,15,,CREDITI VARI,0,0,0.0,1,15,,
9,09_SETTEMBRE,15.05,,CREDITI VARI V/TERZI,0,0,0.0,2,15,15.05,
9,09_SETTEMBRE,15.05.91,,Crediti v/soci,0,0,0.0,3,15,15.05,15.05.91
9,09_SETTEMBRE,19,,DISPONIBILITA' LIQUIDE,0,0,0.0,1,19,,
9,09_SETTEMBRE,19,,DISPONIBILITA' LIQUIDE,0,0,0.0,1,19,,
9,09_SETTEMBRE,19.01,,BANCHE C/C E POSTA C/C,0,0,0.0,2,19,19.01,
9,09_SETTEMBRE,19.01,,BANCHE C/C E POSTA C/C,0,0,0.0,2,19,19.01,
9,09_SETTEMBRE,19.01.01,B,Banca c/c,0,0,0.0,3,19,19.01,19.01.01
9,09_SETTEMBRE,19.01.01,B,Banca c/c,0,0,0.0,3,19,19.01,19.01.01
9,09_SETTEMBRE,19.03,,CASSA,0,0,0.0,2,19,19.03,
9,09_SETTEMBRE,19.03.03,,Cassa contanti,0,0,0.0,3,19,19.03,19.03.03
9,09_SETTEMBRE,19.90,,TRANSITO POS,0,0,0.0,2,19,19.90,
9,09_SETTEMBRE,19.90.04,,NEXI BEACH_T,0,0,0.0,3,19,19.90,19.90.04
9,09_SETTEMBRE,19.90.05,,POS BEACH_T,0,0,0.0,3,19,19.90,19.90.05
9,09_SETTEMBRE,19.90.07,,BONIFICO,0,0,0.0,3,19,19.90,19.90.07
9,09_SETTEMBRE,31,,FINANZIAMENTI DI TERZI,0,0,0.0,1,31,,
9,09_SETTEMBRE,31.03,,MUTUI E FINANZIAMENTI,0,0,0.0,2,31,31.03,
9,09_SETTEMBRE,31.03.05,,Finanz.a medio/lungo termine bancari,0,0,0.0,3,31,31.03,31.03.05
9,09_SETTEMBRE,31.03.06,,Finanziamenti bancari a breve termine,0,0,0.0,3,31,31.03,31.03.06
9,09_SETTEMBRE,31.03.92,,MUTUO BANCA INTESA SANPAOLO,0,0,0.0,3,31,31.03,31.03.92
9,09_SETTEMBRE,33,,DEBITI COMMERCIALI,0,0,0.0,1,33,,
9,09_SETTEMBRE,33.03,,FORNITORI,0,0,0.0,2,33,33.03,
9,09_SETTEMBRE,33.03.01,F,Fornitori terzi Italia,0,0,0.0,3,33,33.03,33.03.01
9,09_SETTEMBRE,33.03.03,F,Fornitori terzi Estero,0,0,0.0,3,33,33.03,33.03.03
9,09_SETTEMBRE,35,,CONTI ERARIALI,0,0,0.0,1,35,,
9,09_SETTEMBRE,35,,CONTI ERARIALI,0,0,0.0,1,35,,
9,09_SETTEMBRE,35.01,,ERARIO C/IVA,0,0,0.0,2,35,35.01,
9,09_SETTEMBRE,35.01,,ERARIO C/IVA,0,0,0.0,2,35,35.01,
9,09_SETTEMBRE,35.01.01,,IVA su acquisti,0,0,0.0,3,35,35.01,35.01.01
9,09_SETTEMBRE,35.01.03,,IVA su vendite,0,0,0.0,3,35,35.01,35.01.03
9,09_SETTEMBRE,35.01.05,,IVA su corrispettivi,0,0,0.0,3,35,35.01,35.01.05
9,09_SETTEMBRE,35.03,,ERARIO C/SOSTITUTO D'IMPOSTA,0,0,0.0,2,35,35.03,
9,09_SETTEMBRE,35.03.01,,Erario c/riten.su redd.lav.dipend.e ass.,0,0,0.0,3,35,35.03,35.03.01
9,09_SETTEMBRE,35.03.17,,Addizionale regionale,0,0,0.0,3,35,35.03,35.03.17
9,09_SETTEMBRE,35.03.19,,Addizionale comunale,0,0,0.0,3,35,35.03,35.03.19
9,09_SETTEMBRE,35.07,,ERARIO C/IMPOSTE,0,0,0.0,2,35,35.07,
9,09_SETTEMBRE,35.07.01,,Erario c/IRES,0,0,0.0,3,35,35.07,35.07.01
9,09_SETTEMBRE,35.07.03,,Erario c/acconti IRES,0,0,0.0,3,35,35.07,35.07.03
9,09_SETTEMBRE,35.07.05,,Erario c/IRAP,0,0,0.0,3,35,35.07,35.07.05
9,09_SETTEMBRE,35.07.07,,Erario c/acconti IRAP,0,0,0.0,3,35,35.07,35.07.07
9,09_SETTEMBRE,37,,ENTI PREVIDENZIALI,0,0,0.0,1,37,,
9,09_SETTEMBRE,37.01,,ENTI PREVIDENZIALI,0,0,0.0,2,37,37.01,
9,09_SETTEMBRE,37.01.01,,INPS dipendenti,0,0,0.0,3,37,37.01,37.01.01
9,09_SETTEMBRE,37.01.03,,INPS collaboratori,0,0,0.0,3,37,37.01,37.01.03
9,09_SETTEMBRE,39,,ALTRI DEBITI,0,0,0.0,1,39,,
9,09_SETTEMBRE,39.05,,DEBITI VARI,0,0,0.0,2,39,39.05,
9,09_SETTEMBRE,39.05.21,,Debiti per caparre confirmatorie,0,0,0.0,3,39,39.05,39.05.21
9,09_SETTEMBRE,45,,RATEI E RISCONTI PASSIVI,0,0,0.0,1,45,,
9,09_SETTEMBRE,45.01,,RATEI E RISCONTI PASSIVI,0,0,0.0,2,45,45.01,
9,09_SETTEMBRE,45.01.01,,Ratei passivi,0,0,0.0,3,45,45.01,45.01.01
9,09_SETTEMBRE,47,,RICAVI DELLE VENDITE E DELLE PRESTAZIONI,0,0,0.0,1,47,,
9,09_SETTEMBRE,47.94,,Ricavi spiaggia,0,0,0.0,2,47,47.94,
9,09_SETTEMBRE,47.94.09,,Ricavi spiaggia,0,0,0.0,3,47,47.94,47.94.09
9,09_SETTEMBRE,47.95,,Ricavi per affitti,0,0,0.0,2,47,47.95,
9,09_SETTEMBRE,47.95.01,,Ricavi farmacia,0,0,0.0,3,47,47.95,47.95.01
9,09_SETTEMBRE,55,,ACQUISTI DI BENI,0,0,0.0,1,55,,
9,09_SETTEMBRE,55.01,,ACQ. PER PRODUZ.DI BENI E PER RIVENDITA,0,0,0.0,2,55,55.01,
9,09_SETTEMBRE,55.01.90,,Acquisti materie prime Food,0,0,0.0,3,55,55.01,55.01.90
9,09_SETTEMBRE,55.03,,ACQUISTI PER LA PRODUZIONE DI SERVIZI,0,0,0.0,2,55,55.03,
9,09_SETTEMBRE,55.03.03,,Acq.materiali di consumo (att.servizi),0,0,0.0,3,55,55.03,55.03.03
9,09_SETTEMBRE,57,,ACQUISTI DI SERVIZI,0,0,0.0,1,57,,
9,09_SETTEMBRE,57.01,,SERVIZI PER LA PRODUZIONE,0,0,0.0,2,57,57.01,
9,09_SETTEMBRE,57.01.51,,Altri servizi per la produzione,0,0,0.0,3,57,57.01,57.01.51
9,09_SETTEMBRE,57.01.51.95,,Commissioni Spiagge/Stripe,0,0,0.0,4,57,57.01,57.01.51
9,09_SETTEMBRE,57.09,,COSTI PER UTENZE,0,0,0.0,2,57,57.09,
9,09_SETTEMBRE,57.09.13,,Energia elettrica,0,0,0.0,3,57,57.09,57.09.13
9,09_SETTEMBRE,57.09.13.01,,Energia elettrica,0,0,0.0,4,57,57.09,57.09.13
9,09_SETTEMBRE,57.09.17,,Acqua potabile,0,0,0.0,3,57,57.09,57.09.17
9,09_SETTEMBRE,57.11,,MANUTENZIONI MACCHINARI E ATTREZZATURE,0,0,0.0,2,57,57.11,
9,09_SETTEMBRE,57.11.15,,Spese manut.impianti e macchin.di terzi,0,0,0.0,3,57,57.11,57.11.15
9,09_SETTEMBRE,61,,PRESTAZIONI DI LAVORO NON DIPENDENTE,0,0,0.0,1,61,,
9,09_SETTEMBRE,61.01,,PRESTAZIONI DI LAVORO AUTONOMO,0,0,0.0,2,61,61.01,
9,09_SETTEMBRE,61.01.01,,Consulenze amministrative e fiscali,0,0,0.0,3,61,61.01,61.01.01
9,09_SETTEMBRE,61.01.01.03,,Consulenze ammin.e fiscali (ordinarie),0,0,0.0,4,61,61.01,61.01.01
9,09_SETTEMBRE,61.01.01.91,,Consulenze del lavoro (ordinarie),0,0,0.0,4,61,61.01,61.01.01
9,09_SETTEMBRE,65,,COSTI PER GODIMENTO BENI DI TERZI,0,0,0.0,1,65,,
9,09_SETTEMBRE,65.01,,GESTIONE IMMOBILI,0,0,0.0,2,65,65.01,
9,09_SETTEMBRE,65.01.05,,Canoni locazione immobili,0,0,0.0,3,65,65.01,65.01.05
9,09_SETTEMBRE,65.01.05.91,,Canoni locazione Angelina Residence,0,0,0.0,4,65,65.01,65.01.05
9,09_SETTEMBRE,65.11,,ALTRI COSTI GODIMENTO BENI DI TERZI,0,0,0.0,2,65,65.11,
9,09_SETTEMBRE,65.11.90,,Canoni passivi concessione demaniale,0,0,0.0,3,65,65.11,65.11.90
9,09_SETTEMBRE,65.90,,SOFTWARE E SERVIZI WEB,0,0,0.0,2,65,65.90,
9,09_SETTEMBRE,65.90.09,,Mail e Pec,0,0,0.0,3,65,65.90,65.90.09
9,09_SETTEMBRE,67,,COSTI PERSONALE DIPENDENTE,0,0,0.0,1,67,,
9,09_SETTEMBRE,67.01,,COSTI PERSONALE DIPENDENTE,0,0,0.0,2,67,67.01,
9,09_SETTEMBRE,67.01.01,,Retribuzioni lorde,0,0,0.0,3,67,67.01,67.01.01
9,09_SETTEMBRE,67.01.01.99,,Retribuzioni lorde,0,0,0.0,4,67,67.01,67.01.01
9,09_SETTEMBRE,71,,ONERI DIVERSI DI GESTIONE,0,0,0.0,1,71,,
9,09_SETTEMBRE,71.03,,ALTRI COSTI DI ESERCIZIO,0,0,0.0,2,71,71.03,
9,09_SETTEMBRE,71.03.11,,"Abbonamenti, libri e pubblicazioni",0,0,0.0,3,71,71.03,71.03.11
9,09_SETTEMBRE,75,,ONERI FINANZIARI,0,0,0.0,1,75,,
9,09_SETTEMBRE,75.01,,ONERI FINANZIARI VERSO BANCHE,0,0,0.0,2,75,75.01,
9,09_SETTEMBRE,75.01.07,,Commissioni e spese bancarie,0,0,0.0,3,75,75.01,75.01.07
9,09_SETTEMBRE,75.01.90,,Commissioni Nexi,0,0,0.0,3,75,75.01,75.01.90
9,09_SETTEMBRE,75.01.91,,Costo per bonifici verso altre banche,0,0,0.0,3,75,75.01,75.01.91
9,09_SETTEMBRE,75.01.92,,Costi per addebito SEPA,0,0,0.0,3,75,75.01,75.01.92
9,09_SETTEMBRE,75.01.95,,Commissioni su transato POS,0,0,0.0,3,75,75.01,75.01.95
9,09_SETTEMBRE,75.03,,ONERI FINANZIARI DIVERSI,0,0,0.0,2,75,75.03,
9,09_SETTEMBRE,75.03.05,,Interessi passivi su mutui,0,0,0.0,3,75,75.03,75.03.05
9,09_SETTEMBRE,75.03.09,,Interessi passivi su finanziam. di terzi,0,0,0.0,3,75,75.03,75.03.09
9,09_SETTEMBRE,75.03.51,,Oneri finanziari diversi,0,0,0.0,3,75,75.03,75.03.51
10,10_OTTOBRE,19,,DISPONIBILITA' LIQUIDE,0,0,0.0,1,19,,
10,10_OTTOBRE,19,,DISPONIBILITA' LIQUIDE,0,0,0.0,1,19,,
10,10_OTTOBRE,19.01,,BANCHE C/C E POSTA C/C,0,0,0.0,2,19,19.01,
10,10_OTTOBRE,19.01,,BANCHE C/C E POSTA C/C,0,0,0.0,2,19,19.01,
10,10_OTTOBRE,19.01.01,B,Banca c/c,0,0,0.0,3,19,19.01,19.01.01
10,10_OTTOBRE,19.01.01,B,Banca c/c,0,0,0.0,3,19,19.01,19.01.01
10,10_OTTOBRE,19.03,,CASSA,0,0,0.0,2,19,19.03,
10,10_OTTOBRE,19.03.03,,Cassa contanti,0,0,0.0,3,19,19.03,19.03.03
10,10_OTTOBRE,19.90,,TRANSITO POS,0,0,0.0,2,19,19.90,
10,10_OTTOBRE,19.90.04,,NEXI BEACH_T,0,0,0.0,3,19,19.90,19.90.04
10,10_OTTOBRE,19.90.05,,POS BEACH_T,0,0,0.0,3,19,19.90,19.90.05
10,10_OTTOBRE,19.90.07,,BONIFICO,0,0,0.0,3,19,19.90,19.90.07
10,10_OTTOBRE,31,,FINANZIAMENTI DI TERZI,0,0,0.0,1,31,,
10,10_OTTOBRE,31.03,,MUTUI E FINANZIAMENTI,0,0,0.0,2,31,31.03,
10,10_OTTOBRE,31.03.05,,Finanz.a medio/lungo termine bancari,0,0,0.0,3,31,31.03,31.03.05
10,10_OTTOBRE,31.03.06,,Finanziamenti bancari a breve termine,0,0,0.0,3,31,31.03,31.03.06
10,10_OTTOBRE,31.03.92,,MUTUO BANCA INTESA SANPAOLO,0,0,0.0,3,31,31.03,31.03.92
10,10_OTTOBRE,33,,DEBITI COMMERCIALI,0,0,0.0,1,33,,
10,10_OTTOBRE,33.03,,FORNITORI,0,0,0.0,2,33,33.03,
10,10_OTTOBRE,33.03.01,F,Fornitori terzi Italia,0,0,0.0,3,33,33.03,33.03.01
10,10_OTTOBRE,33.03.03,F,Fornitori terzi Estero,0,0,0.0,3,33,33.03,33.03.03
10,10_OTTOBRE,35,,CONTI ERARIALI,0,0,0.0,1,35,,
10,10_OTTOBRE,35,,CONTI ERARIALI,0,0,0.0,1,35,,
10,10_OTTOBRE,35.01,,ERARIO C/IVA,0,0,0.0,2,35,35.01,
10,10_OTTOBRE,35.01,,ERARIO C/IVA,0,0,0.0,2,35,35.01,
10,10_OTTOBRE,35.01.01,,IVA su acquisti,0,0,0.0,3,35,35.01,35.01.01
10,10_OTTOBRE,35.01.03,,IVA su vendite,0,0,0.0,3,35,35.01,35.01.03
10,10_OTTOBRE,35.01.05,,IVA su corrispettivi,0,0,0.0,3,35,35.01,35.01.05
10,10_OTTOBRE,35.01.11,,Erario c/liquidazione IVA,0,0,0.0,3,35,35.01,35.01.11
10,10_OTTOBRE,35.01.21,,IVA a credito acquisti intracomunitari,0,0,0.0,3,35,35.01,35.01.21
10,10_OTTOBRE,35.01.23,,IVA a debito acquisti intracomunitari,0,0,0.0,3,35,35.01,35.01.23
10,10_OTTOBRE,35.03,,ERARIO C/SOSTITUTO D'IMPOSTA,0,0,0.0,2,35,35.03,
10,10_OTTOBRE,35.03.01,,Erario c/riten.su redd.lav.dipend.e ass.,0,0,0.0,3,35,35.03,35.03.01
10,10_OTTOBRE,35.03.17,,Addizionale regionale,0,0,0.0,3,35,35.03,35.03.17
10,10_OTTOBRE,35.03.19,,Addizionale comunale,0,0,0.0,3,35,35.03,35.03.19
10,10_OTTOBRE,35.07,,ERARIO C/IMPOSTE,0,0,0.0,2,35,35.07,
10,10_OTTOBRE,35.07.01,,Erario c/IRES,0,0,0.0,3,35,35.07,35.07.01
10,10_OTTOBRE,35.07.03,,Erario c/acconti IRES,0,0,0.0,3,35,35.07,35.07.03
10,10_OTTOBRE,35.07.05,,Erario c/IRAP,0,0,0.0,3,35,35.07,35.07.05
10,10_OTTOBRE,35.07.07,,Erario c/acconti IRAP,0,0,0.0,3,35,35.07,35.07.07
10,10_OTTOBRE,37,,ENTI PREVIDENZIALI,0,0,0.0,1,37,,
10,10_OTTOBRE,37.01,,ENTI PREVIDENZIALI,0,0,0.0,2,37,37.01,
10,10_OTTOBRE,37.01.01,,INPS dipendenti,0,0,0.0,3,37,37.01,37.01.01
10,10_OTTOBRE,37.01.03,,INPS collaboratori,0,0,0.0,3,37,37.01,37.01.03
10,10_OTTOBRE,45,,RATEI E RISCONTI PASSIVI,0,0,0.0,1,45,,
10,10_OTTOBRE,45.01,,RATEI E RISCONTI PASSIVI,0,0,0.0,2,45,45.01,
10,10_OTTOBRE,45.01.01,,Ratei passivi,0,0,0.0,3,45,45.01,45.01.01
10,10_OTTOBRE,47,,RICAVI DELLE VENDITE E DELLE PRESTAZIONI,0,0,0.0,1,47,,
10,10_OTTOBRE,47.94,,Ricavi spiaggia,0,0,0.0,2,47,47.94,
10,10_OTTOBRE,47.94.09,,Ricavi spiaggia,0,0,0.0,3,47,47.94,47.94.09
10,10_OTTOBRE,47.95,,Ricavi per affitti,0,0,0.0,2,47,47.95,
10,10_OTTOBRE,47.95.01,,Ricavi farmacia,0,0,0.0,3,47,47.95,47.95.01
10,10_OTTOBRE,53,,ALTRI RICAVI E PROVENTI,0,0,0.0,1,53,,
10,10_OTTOBRE,53.01,,PROVENTI DIVERSI,0,0,0.0,2,53,53.01,
10,10_OTTOBRE,53.01.13,,Rivalsa costi diversi,0,0,0.0,3,53,53.01,53.01.13
10,10_OTTOBRE,53.01.33,,Canoni attivi affitto ramo d'azienda,0,0,0.0,3,53,53.01,53.01.33
10,10_OTTOBRE,55,,ACQUISTI DI BENI,0,0,0.0,1,55,,
10,10_OTTOBRE,55.03,,ACQUISTI PER LA PRODUZIONE DI SERVIZI,0,0,0.0,2,55,55.03,
10,10_OTTOBRE,55.03.03,,Acq.materiali di consumo (att.servizi),0,0,0.0,3,55,55.03,55.03.03
10,10_OTTOBRE,57,,ACQUISTI DI SERVIZI,0,0,0.0,1,57,,
10,10_OTTOBRE,57.01,,SERVIZI PER LA PRODUZIONE,0,0,0.0,2,57,57.01,
10,10_OTTOBRE,57.01.51,,Altri servizi per la produzione,0,0,0.0,3,57,57.01,57.01.51
10,10_OTTOBRE,57.01.51.01,,Altri servizi per la produzione,0,0,0.0,4,57,57.01,57.01.51
10,10_OTTOBRE,57.01.51.92,,Commissioni OTA Hotel,0,0,0.0,4,57,57.01,57.01.51
10,10_OTTOBRE,57.01.51.94,,Commissioni OTA Casa Vacanza,0,0,0.0,4,57,57.01,57.01.51
10,10_OTTOBRE,57.01.51.95,,Commissioni Spiagge/Stripe,0,0,0.0,4,57,57.01,57.01.51
10,10_OTTOBRE,57.09,,COSTI PER UTENZE,0,0,0.0,2,57,57.09,
10,10_OTTOBRE,57.09.01,,Spese telefoniche ordinarie,0,0,0.0,3,57,57.09,57.09.01
10,10_OTTOBRE,57.09.01.01,,Spese telefoniche ordinarie,0,0,0.0,4,57,57.09,57.09.01
10,10_OTTOBRE,57.09.13,,Energia elettrica,0,0,0.0,3,57,57.09,57.09.13
10,10_OTTOBRE,57.09.13.01,,Energia elettrica,0,0,0.0,4,57,57.09,57.09.13
10,10_OTTOBRE,57.09.17,,Acqua potabile,0,0,0.0,3,57,57.09,57.09.17
10,10_OTTOBRE,57.09.19,,Gas,0,0,0.0,3,57,57.09,57.09.19
10,10_OTTOBRE,57.11,,MANUTENZIONI MACCHINARI E ATTREZZATURE,0,0,0.0,2,57,57.11,
10,10_OTTOBRE,57.11.01,S,Spese manut.impianti e macchin.propri,0,0,0.0,3,57,57.11,57.11.01
10,10_OTTOBRE,57.11.07,,Altre spese manutenzione beni propri,0,0,0.0,3,57,57.11,57.11.07
10,10_OTTOBRE,57.11.07.90,,Altre spese manutenzione beni di terzi,0,0,0.0,4,57,57.11,57.11.07
10,10_OTTOBRE,61,,PRESTAZIONI DI LAVORO NON DIPENDENTE,0,0,0.0,1,61,,
10,10_OTTOBRE,61.01,,PRESTAZIONI DI LAVORO AUTONOMO,0,0,0.0,2,61,61.01,
10,10_OTTOBRE,61.01.15,,Rimb.spese lavorat.autonomi,0,0,0.0,3,61,61.01,61.01.15
10,10_OTTOBRE,61.01.15.99,,Rimb.spese lavorat.autonomi,0,0,0.0,4,61,61.01,61.01.15
10,10_OTTOBRE,63,,"SPESE AMMIN.,COMM. E DI RAPPRESENTANZA",0,0,0.0,1,63,,
10,10_OTTOBRE,63.01,,SPESE COMMERCIALI E DI VIAGGIO,0,0,0.0,2,63,63.01,
10,10_OTTOBRE,63.01.01,,"Pubblicità, inserzioni e affissioni",0,0,0.0,3,63,63.01,63.01.01
10,10_OTTOBRE,63.01.01.01,,"Pubblicità, inserz. e affissioni ded.",0,0,0.0,4,63,63.01,63.01.01
10,10_OTTOBRE,65,,COSTI PER GODIMENTO BENI DI TERZI,0,0,0.0,1,65,,
10,10_OTTOBRE,65.07,,CANONI E LICENZE SOFTWARE,0,0,0.0,2,65,65.07,
10,10_OTTOBRE,65.07.01,,Canoni per utilizzo licenze software,0,0,0.0,3,65,65.07,65.07.01
10,10_OTTOBRE,65.90,,SOFTWARE E SERVIZI WEB,0,0,0.0,2,65,65.90,
10,10_OTTOBRE,65.90.01,,Software per la Gestione Alberghiera,0,0,0.0,3,65,65.90,65.90.01
10,10_OTTOBRE,65.90.07,,Software per la Gestione Pag. digitali,0,0,0.0,3,65,65.90,65.90.07
10,10_OTTOBRE,65.90.08,,Domini e Hosting,0,0,0.0,3,65,65.90,65.90.08
10,10_OTTOBRE,65.90.09,,Mail e Pec,0,0,0.0,3,65,65.90,65.90.09
10,10_OTTOBRE,67,,COSTI PERSONALE DIPENDENTE,0,0,0.0,1,67,,
10,10_OTTOBRE,67.01,,COSTI PERSONALE DIPENDENTE,0,0,0.0,2,67,67.01,
10,10_OTTOBRE,67.01.01,,Retribuzioni lorde,0,0,0.0,3,67,67.01,67.01.01
10,10_OTTOBRE,67.01.01.01,,Retribuzioni lorde dipendenti ordinari,0,0,0.0,4,67,67.01,67.01.01
10,10_OTTOBRE,71,,ONERI DIVERSI DI GESTIONE,0,0,0.0,1,71,,
10,10_OTTOBRE,71.03,,ALTRI COSTI DI ESERCIZIO,0,0,0.0,2,71,71.03,
10,10_OTTOBRE,71.03.11,,"Abbonamenti, libri e pubblicazioni",0,0,0.0,3,71,71.03,71.03.11
10,10_OTTOBRE,75,,ONERI FINANZIARI,0,0,0.0,1,75,,
10,10_OTTOBRE,75.01,,ONERI FINANZIARI VERSO BANCHE,0,0,0.0,2,75,75.01,
10,10_OTTOBRE,75.01.07,,Commissioni e spese bancarie,0,0,0.0,3,75,75.01,75.01.07
10,10_OTTOBRE,75.01.90,,Commissioni Nexi,0,0,0.0,3,75,75.01,75.01.90
10,10_OTTOBRE,75.01.91,,Costo per bonifici verso altre banche,0,0,0.0,3,75,75.01,75.01.91
10,10_OTTOBRE,75.01.92,,Costi per addebito SEPA,0,0,0.0,3,75,75.01,75.01.92
10,10_OTTOBRE,75.01.94,,Canone Remote Banking,0,0,0.0,3,75,75.01,75.01.94
10,10_OTTOBRE,75.01.95,,Commissioni su transato POS,0,0,0.0,3,75,75.01,75.01.95
10,10_OTTOBRE,75.01.96,,Commissione omnic. e spese tenuta conto,0,0,0.0,3,75,75.01,75.01.96
10,10_OTTOBRE,75.01.97,,Imposta di bollo c\c,0,0,0.0,3,75,75.01,75.01.97
10,10_OTTOBRE,75.03,,ONERI FINANZIARI DIVERSI,0,0,0.0,2,75,75.03,
10,10_OTTOBRE,75.03.05,,Interessi passivi su mutui,0,0,0.0,3,75,75.03,75.03.05
10,10_OTTOBRE,75.03.09,,Interessi passivi su finanziam. di terzi,0,0,0.0,3,75,75.03,75.03.09
10,10_OTTOBRE,75.03.51,,Oneri finanziari diversi,0,0,0.0,3,75,75.03,75.03.51
11,11_NOVEMBRE,11,,CREDITI COMMERCIALI,0,0,0.0,1,11,,
11,11_NOVEMBRE,11.03,,CLIENTI,0,0,0.0,2,11,11.03,
11,11_NOVEMBRE,11.03.01,C,Clienti terzi Italia,0,0,0.0,3,11,11.03,11.03.01
11,11_NOVEMBRE,19,,DISPONIBILITA' LIQUIDE,0,0,0.0,1,19,,
11,11_NOVEMBRE,19.01,,BANCHE C/C E POSTA C/C,0,0,0.0,2,19,19.01,
11,11_NOVEMBRE,19.01.01,B,Banca c/c,0,0,0.0,3,19,19.01,19.01.01
11,11_NOVEMBRE,19.03,,CASSA,0,0,0.0,2,19,19.03,
11,11_NOVEMBRE,19.03.03,,Cassa contanti,0,0,0.0,3,19,19.03,19.03.03
11,11_NOVEMBRE,19.90,,TRANSITO POS,0,0,0.0,2,19,19.90,
11,11_NOVEMBRE,19.90.05,,POS BEACH_T,0,0,0.0,3,19,19.90,19.90.05
11,11_NOVEMBRE,19.90.07,,BONIFICO,0,0,0.0,3,19,19.90,19.90.07
11,11_NOVEMBRE,31,,FINANZIAMENTI DI TERZI,0,0,0.0,1,31,,
11,11_NOVEMBRE,31.03,,MUTUI E FINANZIAMENTI,0,0,0.0,2,31,31.03,
11,11_NOVEMBRE,31.03.06,,Finanziamenti bancari a breve termine,0,0,0.0,3,31,31.03,31.03.06
11,11_NOVEMBRE,31.03.92,,MUTUO BANCA INTESA SANPAOLO,0,0,0.0,3,31,31.03,31.03.92
11,11_NOVEMBRE,33,,DEBITI COMMERCIALI,0,0,0.0,1,33,,
11,11_NOVEMBRE,33.03,,FORNITORI,0,0,0.0,2,33,33.03,
11,11_NOVEMBRE,33.03.01,F,Fornitori terzi Italia,0,0,0.0,3,33,33.03,33.03.01
11,11_NOVEMBRE,35,,CONTI ERARIALI,0,0,0.0,1,35,,
11,11_NOVEMBRE,35,,CONTI ERARIALI,0,0,0.0,1,35,,
11,11_NOVEMBRE,35.01,,ERARIO C/IVA,0,0,0.0,2,35,35.01,
11,11_NOVEMBRE,35.01,,ERARIO C/IVA,0,0,0.0,2,35,35.01,
11,11_NOVEMBRE,35.01.01,,IVA su acquisti,0,0,0.0,3,35,35.01,35.01.01
11,11_NOVEMBRE,35.01.03,,IVA su vendite,0,0,0.0,3,35,35.01,35.01.03
11,11_NOVEMBRE,35.01.05,,IVA su corrispettivi,0,0,0.0,3,35,35.01,35.01.05
11,11_NOVEMBRE,35.01.11,,Erario c/liquidazione IVA,0,0,0.0,3,35,35.01,35.01.11
11,11_NOVEMBRE,35.03,,ERARIO C/SOSTITUTO D'IMPOSTA,0,0,0.0,2,35,35.03,
11,11_NOVEMBRE,35.03,,ERARIO C/SOSTITUTO D'IMPOSTA,0,0,0.0,2,35,35.03,
11,11_NOVEMBRE,35.03.01,,Erario c/riten.su redd.lav.dipend.e ass.,0,0,0.0,3,35,35.03,35.03.01
11,11_NOVEMBRE,35.03.17,,Addizionale regionale,0,0,0.0,3,35,35.03,35.03.17
11,11_NOVEMBRE,35.03.19,,Addizionale comunale,0,0,0.0,3,35,35.03,35.03.19
11,11_NOVEMBRE,35.07,,ERARIO C/IMPOSTE,0,0,0.0,2,35,35.07,
11,11_NOVEMBRE,35.07.01,,Erario c/IRES,0,0,0.0,3,35,35.07,35.07.01
11,11_NOVEMBRE,35.07.03,,Erario c/acconti IRES,0,0,0.0,3,35,35.07,35.07.03
11,11_NOVEMBRE,35.07.05,,Erario c/IRAP,0,0,0.0,3,35,35.07,35.07.05
11,11_NOVEMBRE,35.07.07,,Erario c/acconti IRAP,0,0,0.0,3,35,35.07,35.07.07
11,11_NOVEMBRE,37,,ENTI PREVIDENZIALI,0,0,0.0,1,37,,
11,11_NOVEMBRE,37.01,,ENTI PREVIDENZIALI,0,0,0.0,2,37,37.01,
11,11_NOVEMBRE,37.01.01,,INPS dipendenti,0,0,0.0,3,37,37.01,37.01.01
11,11_NOVEMBRE,37.01.03,,INPS collaboratori,0,0,0.0,3,37,37.01,37.01.03
11,11_NOVEMBRE,45,,RATEI E RISCONTI PASSIVI,0,0,0.0,1,45,,
11,11_NOVEMBRE,45.01,,RATEI E RISCONTI PASSIVI,0,0,0.0,2,45,45.01,
11,11_NOVEMBRE,45.01.01,,Ratei passivi,0,0,0.0,3,45,45.01,45.01.01
11,11_NOVEMBRE,47,,RICAVI DELLE VENDITE E DELLE PRESTAZIONI,0,0,0.0,1,47,,
11,11_NOVEMBRE,47.94,,Ricavi spiaggia,0,0,0.0,2,47,47.94,
11,11_NOVEMBRE,47.94.09,,Ricavi spiaggia,0,0,0.0,3,47,47.94,47.94.09
11,11_NOVEMBRE,47.95,,Ricavi per affitti,0,0,0.0,2,47,47.95,
11,11_NOVEMBRE,47.95.01,,Ricavi farmacia,0,0,0.0,3,47,47.95,47.95.01
11,11_NOVEMBRE,53,,ALTRI RICAVI E PROVENTI,0,0,0.0,1,53,,
11,11_NOVEMBRE,53.01,,PROVENTI DIVERSI,0,0,0.0,2,53,53.01,
11,11_NOVEMBRE,53.01.29,,Arrotondamenti attivi diversi,0,0,0.0,3,53,53.01,53.01.29
11,11_NOVEMBRE,55,,ACQUISTI DI BENI,0,0,0.0,1,55,,
11,11_NOVEMBRE,55.01,,ACQ. PER PRODUZ.DI BENI E PER RIVENDITA,0,0,0.0,2,55,55.01,
11,11_NOVEMBRE,55.01.90,,Acquisti materie prime Food,0,0,0.0,3,55,55.01,55.01.90
11,11_NOVEMBRE,55.03,,ACQUISTI PER LA PRODUZIONE DI SERVIZI,0,0,0.0,2,55,55.03,
11,11_NOVEMBRE,55.03.03,,Acq.materiali di consumo (att.servizi),0,0,0.0,3,55,55.03,55.03.03
11,11_NOVEMBRE,57,,ACQUISTI DI SERVIZI,0,0,0.0,1,57,,
11,11_NOVEMBRE,57.01,,SERVIZI PER LA PRODUZIONE,0,0,0.0,2,57,57.01,
11,11_NOVEMBRE,57.01.51,,Altri servizi per la produzione,0,0,0.0,3,57,57.01,57.01.51
11,11_NOVEMBRE,57.01.51.90,,Altre spese per servizi,0,0,0.0,4,57,57.01,57.01.51
11,11_NOVEMBRE,57.01.51.95,,Commissioni Spiagge/Stripe,0,0,0.0,4,57,57.01,57.01.51
11,11_NOVEMBRE,57.09,,COSTI PER UTENZE,0,0,0.0,2,57,57.09,
11,11_NOVEMBRE,57.09.01,,Spese telefoniche ordinarie,0,0,0.0,3,57,57.09,57.09.01
11,11_NOVEMBRE,57.09.01.01,,Spese telefoniche ordinarie,0,0,0.0,4,57,57.09,57.09.01
11,11_NOVEMBRE,57.09.13,,Energia elettrica,0,0,0.0,3,57,57.09,57.09.13
11,11_NOVEMBRE,57.09.13.01,,Energia elettrica,0,0,0.0,4,57,57.09,57.09.13
11,11_NOVEMBRE,57.09.17,,Acqua potabile,0,0,0.0,3,57,57.09,57.09.17
11,11_NOVEMBRE,61,,PRESTAZIONI DI LAVORO NON DIPENDENTE,0,0,0.0,1,61,,
11,11_NOVEMBRE,61.01,,PRESTAZIONI DI LAVORO AUTONOMO,0,0,0.0,2,61,61.01,
11,11_NOVEMBRE,61.01.01,,Consulenze amministrative e fiscali,0,0,0.0,3,61,61.01,61.01.01
11,11_NOVEMBRE,61.01.01.03,,Consulenze ammin.e fiscali (ordinarie),0,0,0.0,4,61,61.01,61.01.01
11,11_NOVEMBRE,61.01.01.91,,Consulenze del lavoro (ordinarie),0,0,0.0,4,61,61.01,61.01.01
11,11_NOVEMBRE,61.01.03,,Consulenze tecniche,0,0,0.0,3,61,61.01,61.01.03
11,11_NOVEMBRE,65,,COSTI PER GODIMENTO BENI DI TERZI,0,0,0.0,1,65,,
11,11_NOVEMBRE,65.01,,GESTIONE IMMOBILI,0,0,0.0,2,65,65.01,
11,11_NOVEMBRE,65.01.05,,Canoni locazione immobili,0,0,0.0,3,65,65.01,65.01.05
11,11_NOVEMBRE,65.01.05.91,,Canoni locazione Angelina Residence,0,0,0.0,4,65,65.01,65.01.05
11,11_NOVEMBRE,65.90,,SOFTWARE E SERVIZI WEB,0,0,0.0,2,65,65.90,
11,11_NOVEMBRE,65.90.09,,Mail e Pec,0,0,0.0,3,65,65.90,65.90.09
11,11_NOVEMBRE,67,,COSTI PERSONALE DIPENDENTE,0,0,0.0,1,67,,
11,11_NOVEMBRE,67.01,,COSTI PERSONALE DIPENDENTE,0,0,0.0,2,67,67.01,
11,11_NOVEMBRE,67.01.01,,Retribuzioni lorde,0,0,0.0,3,67,67.01,67.01.01
11,11_NOVEMBRE,67.01.01.01,,Retribuzioni lorde dipendenti ordinari,0,0,0.0,4,67,67.01,67.01.01
11,11_NOVEMBRE,67.01.11,,Premi INAIL,0,0,0.0,3,67,67.01,67.01.11
11,11_NOVEMBRE,71,,ONERI DIVERSI DI GESTIONE,0,0,0.0,1,71,,
11,11_NOVEMBRE,71.03,,ALTRI COSTI DI ESERCIZIO,0,0,0.0,2,71,71.03,
11,11_NOVEMBRE,71.03.11,,"Abbonamenti, libri e pubblicazioni",0,0,0.0,3,71,71.03,71.03.11
11,11_NOVEMBRE,71.03.17,,Arrotondamenti passivi diversi,0,0,0.0,3,71,71.03,71.03.17
11,11_NOVEMBRE,71.07,,COMP.NEG.DA EVENTI STRAORD./ES.PREC.,0,0,0.0,2,71,71.07,
11,11_NOVEMBRE,71.07.03,,Sopr.pass.oneri div.gest.str./es.prec.,0,0,0.0,3,71,71.07,71.07.03
11,11_NOVEMBRE,71.07.03.01,,Sopravv.pas.ded.oneri div.gest.ev.str.,0,0,0.0,4,71,71.07,71.07.03
11,11_NOVEMBRE,75,,ONERI FINANZIARI,0,0,0.0,1,75,,
11,11_NOVEMBRE,75.01,,ONERI FINANZIARI VERSO BANCHE,0,0,0.0,2,75,75.01,
11,11_NOVEMBRE,75.01.07,,Commissioni e spese bancarie,0,0,0.0,3,75,75.01,75.01.07
11,11_NOVEMBRE,75.01.90,,Commissioni Nexi,0,0,0.0,3,75,75.01,75.01.90
11,11_NOVEMBRE,75.01.91,,Costo per bonifici verso altre banche,0,0,0.0,3,75,75.01,75.01.91
11,11_NOVEMBRE,75.01.92,,Costi per addebito SEPA,0,0,0.0,3,75,75.01,75.01.92
11,11_NOVEMBRE,75.01.95,,Commissioni su transato POS,0,0,0.0,3,75,75.01,75.01.95
11,11_NOVEMBRE,75.03,,ONERI FINANZIARI DIVERSI,0,0,0.0,2,75,75.03,
11,11_NOVEMBRE,75.03.03,,Inter.pass.e oneri su prestiti obbligaz.,0,0,0.0,3,75,75.03,75.03.03
11,11_NOVEMBRE,75.03.09,,Interessi passivi su finanziam. di terzi,0,0,0.0,3,75,75.03,75.03.09
11,11_NOVEMBRE,75.03.51,,Oneri finanziari diversi,0,0,0.0,3,75,75.03,75.03.51
12,12_DICEMBRE,11,,CREDITI COMMERCIALI,0,0,0.0,1,11,,
12,12_DICEMBRE,11.03,,CLIENTI,0,0,0.0,2,11,11.03,
12,12_DICEMBRE,11.03.01,C,Clienti terzi Italia,0,0,0.0,3,11,11.03,11.03.01
12,12_DICEMBRE,15,,CREDITI VARI,0,0,0.0,1,15,,
12,12_DICEMBRE,15.01,,ANTICIPI A FORNITORI,0,0,0.0,2,15,15.01,
12,12_DICEMBRE,15.01.07,F,Anticipi a fornitori terzi,0,0,0.0,3,15,15.01,15.01.07
12,12_DICEMBRE,19,,DISPONIBILITA' LIQUIDE,0,0,0.0,1,19,,
12,12_DICEMBRE,19,,DISPONIBILITA' LIQUIDE,0,0,0.0,1,19,,
12,12_DICEMBRE,19.01,,BANCHE C/C E POSTA C/C,0,0,0.0,2,19,19.01,
12,12_DICEMBRE,19.01,,BANCHE C/C E POSTA C/C,0,0,0.0,2,19,19.01,
12,12_DICEMBRE,19.01.01,B,Banca c/c,0,0,0.0,3,19,19.01,19.01.01
12,12_DICEMBRE,19.01.01,B,Banca c/c,0,0,0.0,3,19,19.01,19.01.01
12,12_DICEMBRE,19.03,,CASSA,0,0,0.0,2,19,19.03,
12,12_DICEMBRE,19.03.03,,Cassa contanti,0,0,0.0,3,19,19.03,19.03.03
12,12_DICEMBRE,31,,FINANZIAMENTI DI TERZI,0,0,0.0,1,31,,
12,12_DICEMBRE,31.03,,MUTUI E FINANZIAMENTI,0,0,0.0,2,31,31.03,
12,12_DICEMBRE,31.03.05,,Finanz.a medio/lungo termine bancari,0,0,0.0,3,31,31.03,31.03.05
12,12_DICEMBRE,31.03.06,,Finanziamenti bancari a breve termine,0,0,0.0,3,31,31.03,31.03.06
12,12_DICEMBRE,31.03.15,,Soci c/finanziamento infruttifero,0,0,0.0,3,31,31.03,31.03.15
12,12_DICEMBRE,31.03.92,,MUTUO BANCA INTESA SANPAOLO,0,0,0.0,3,31,31.03,31.03.92
12,12_DICEMBRE,33,,DEBITI COMMERCIALI,0,0,0.0,1,33,,
12,12_DICEMBRE,33.03,,FORNITORI,0,0,0.0,2,33,33.03,
12,12_DICEMBRE,33.03.01,F,Fornitori terzi Italia,0,0,0.0,3,33,33.03,33.03.01
12,12_DICEMBRE,35,,CONTI ERARIALI,0,0,0.0,1,35,,
12,12_DICEMBRE,35,,CONTI ERARIALI,0,0,0.0,1,35,,
12,12_DICEMBRE,35.01,,ERARIO C/IVA,0,0,0.0,2,35,35.01,
12,12_DICEMBRE,35.01,,ERARIO C/IVA,0,0,0.0,2,35,35.01,
12,12_DICEMBRE,35.01.01,,IVA su acquisti,0,0,0.0,3,35,35.01,35.01.01
12,12_DICEMBRE,35.01.03,,IVA su vendite,0,0,0.0,3,35,35.01,35.01.03
12,12_DICEMBRE,35.03,,ERARIO C/SOSTITUTO D'IMPOSTA,0,0,0.0,2,35,35.03,
12,12_DICEMBRE,35.03,,ERARIO C/SOSTITUTO D'IMPOSTA,0,0,0.0,2,35,35.03,
12,12_DICEMBRE,35.03.01,,Erario c/riten.su redd.lav.dipend.e ass.,0,0,0.0,3,35,35.03,35.03.01
12,12_DICEMBRE,35.03.05,,"Erario c/rit.redd.lav.aut.,agenti,rappr.",0,0,0.0,3,35,35.03,35.03.05
12,12_DICEMBRE,35.03.17,,Addizionale regionale,0,0,0.0,3,35,35.03,35.03.17
12,12_DICEMBRE,35.03.19,,Addizionale comunale,0,0,0.0,3,35,35.03,35.03.19
12,12_DICEMBRE,35.07,,ERARIO C/IMPOSTE,0,0,0.0,2,35,35.07,
12,12_DICEMBRE,35.07.03,,Erario c/acconti IRES,0,0,0.0,3,35,35.07,35.07.03
12,12_DICEMBRE,35.07.07,,Erario c/acconti IRAP,0,0,0.0,3,35,35.07,35.07.07
12,12_DICEMBRE,37,,ENTI PREVIDENZIALI,0,0,0.0,1,37,,
12,12_DICEMBRE,37.01,,ENTI PREVIDENZIALI,0,0,0.0,2,37,37.01,
12,12_DICEMBRE,37.01.01,,INPS dipendenti,0,0,0.0,3,37,37.01,37.01.01
12,12_DICEMBRE,37.01.03,,INPS collaboratori,0,0,0.0,3,37,37.01,37.01.03
12,12_DICEMBRE,45,,RATEI E RISCONTI PASSIVI,0,0,0.0,1,45,,
12,12_DICEMBRE,45.01,,RATEI E RISCONTI PASSIVI,0,0,0.0,2,45,45.01,
12,12_DICEMBRE,45.01.01,,Ratei passivi,0,0,0.0,3,45,45.01,45.01.01
12,12_DICEMBRE,47,,RICAVI DELLE VENDITE E DELLE PRESTAZIONI,0,0,0.0,1,47,,
12,12_DICEMBRE,47.95,,Ricavi per affitti,0,0,0.0,2,47,47.95,
12,12_DICEMBRE,47.95.01,,Ricavi farmacia,0,0,0.0,3,47,47.95,47.95.01
12,12_DICEMBRE,53,,ALTRI RICAVI E PROVENTI,0,0,0.0,1,53,,
12,12_DICEMBRE,53.01,,PROVENTI DIVERSI,0,0,0.0,2,53,53.01,
12,12_DICEMBRE,53.01.29,,Arrotondamenti attivi diversi,0,0,0.0,3,53,53.01,53.01.29
12,12_DICEMBRE,53.01.33,,Canoni attivi affitto ramo d'azienda,0,0,0.0,3,53,53.01,53.01.33
12,12_DICEMBRE,55,,ACQUISTI DI BENI,0,0,0.0,1,55,,
12,12_DICEMBRE,55.03,,ACQUISTI PER LA PRODUZIONE DI SERVIZI,0,0,0.0,2,55,55.03,
12,12_DICEMBRE,55.03.03,,Acq.materiali di consumo (att.servizi),0,0,0.0,3,55,55.03,55.03.03
12,12_DICEMBRE,57,,ACQUISTI DI SERVIZI,0,0,0.0,1,57,,
12,12_DICEMBRE,57.01,,SERVIZI PER LA PRODUZIONE,0,0,0.0,2,57,57.01,
12,12_DICEMBRE,57.01.51,,Altri servizi per la produzione,0,0,0.0,3,57,57.01,57.01.51
12,12_DICEMBRE,57.01.51.90,,Altre spese per servizi,0,0,0.0,4,57,57.01,57.01.51
12,12_DICEMBRE,57.09,,COSTI PER UTENZE,0,0,0.0,2,57,57.09,
12,12_DICEMBRE,57.09.01,,Spese telefoniche ordinarie,0,0,0.0,3,57,57.09,57.09.01
12,12_DICEMBRE,57.09.01.01,,Spese telefoniche ordinarie,0,0,0.0,4,57,57.09,57.09.01
12,12_DICEMBRE,57.09.13,,Energia elettrica,0,0,0.0,3,57,57.09,57.09.13
12,12_DICEMBRE,57.09.13.01,,Energia elettrica,0,0,0.0,4,57,57.09,57.09.13
12,12_DICEMBRE,61,,PRESTAZIONI DI LAVORO NON DIPENDENTE,0,0,0.0,1,61,,
12,12_DICEMBRE,61.01,,PRESTAZIONI DI LAVORO AUTONOMO,0,0,0.0,2,61,61.01,
12,12_DICEMBRE,61.01.07,,Consulenze notarili,0,0,0.0,3,61,61.01,61.01.07
12,12_DICEMBRE,61.01.90,,Spese legali,0,0,0.0,3,61,61.01,61.01.90
12,12_DICEMBRE,63,,"SPESE AMMIN.,COMM. E DI RAPPRESENTANZA",0,0,0.0,1,63,,
12,12_DICEMBRE,63.05,,SPESE AMMINISTRATIVE E GENERALI,0,0,0.0,2,63,63.05,
12,12_DICEMBRE,63.05.11,,Altre spese amministrative,0,0,0.0,3,63,63.05,63.05.11
12,12_DICEMBRE,65,,COSTI PER GODIMENTO BENI DI TERZI,0,0,0.0,1,65,,
12,12_DICEMBRE,65.07,,CANONI E LICENZE SOFTWARE,0,0,0.0,2,65,65.07,
12,12_DICEMBRE,65.07.01,,Canoni per utilizzo licenze software,0,0,0.0,3,65,65.07,65.07.01
12,12_DICEMBRE,65.90,,SOFTWARE E SERVIZI WEB,0,0,0.0,2,65,65.90,
12,12_DICEMBRE,65.90.09,,Mail e Pec,0,0,0.0,3,65,65.90,65.90.09
12,12_DICEMBRE,67,,COSTI PERSONALE DIPENDENTE,0,0,0.0,1,67,,
12,12_DICEMBRE,67.01,,COSTI PERSONALE DIPENDENTE,0,0,0.0,2,67,67.01,
12,12_DICEMBRE,67.01.01,,Retribuzioni lorde,0,0,0.0,3,67,67.01,67.01.01
12,12_DICEMBRE,67.01.01.01,,Retribuzioni lorde dipendenti ordinari,0,0,0.0,4,67,67.01,67.01.01
12,12_DICEMBRE,67.03,,COSTI DIVERSI PERSONALE DIPENDENTE,0,0,0.0,2,67,67.03,
12,12_DICEMBRE,67.03.51,,Altri costi per il personale dipendente,0,0,0.0,3,67,67.03,67.03.51
12,12_DICEMBRE,71,,ONERI DIVERSI DI GESTIONE,0,0,0.0,1,71,,
12,12_DICEMBRE,71.01,,ONERI TRIBUTARI,0,0,0.0,2,71,71.01,
12,12_DICEMBRE,71.01.13,,Tassa raccolta e smaltimento rifiuti,0,0,0.0,3,71,71.01,71.01.13
12,12_DICEMBRE,71.03,,ALTRI COSTI DI ESERCIZIO,0,0,0.0,2,71,71.03,
12,12_DICEMBRE,71.03.11,,"Abbonamenti, libri e pubblicazioni",0,0,0.0,3,71,71.03,71.03.11
12,12_DICEMBRE,75,,ONERI FINANZIARI,0,0,0.0,1,75,,
12,12_DICEMBRE,75.01,,ONERI FINANZIARI VERSO BANCHE,0,0,0.0,2,75,75.01,
12,12_DICEMBRE,75.01.07,,Commissioni e spese bancarie,0,0,0.0,3,75,75.01,75.01.07
12,12_DICEMBRE,75.01.90,,Commissioni Nexi,0,0,0.0,3,75,75.01,75.01.90
12,12_DICEMBRE,75.01.91,,Costo per bonifici verso altre banche,0,0,0.0,3,75,75.01,75.01.91
12,12_DICEMBRE,75.01.92,,Costi per addebito SEPA,0,0,0.0,3,75,75.01,75.01.92
12,12_DICEMBRE,75.03,,ONERI FINANZIARI DIVERSI,0,0,0.0,2,75,75.03,
12,12_DICEMBRE,75.03.05,,Interessi passivi su mutui,0,0,0.0,3,75,75.03,75.03.05
12,12_DICEMBRE,75.03.09,,Interessi passivi su finanziam. di terzi,0,0,0.0,3,75,75.03,75.03.09
